-- To RUN: in terminal type mysql -u root --password=symmetricalSpoon moodledb < 401_memplugin_test_data.sql

-- Delete/truncate tables before inserting the test data.
delete from mdl_user where username like 'student%';

truncate mdl_mem_booklet_data;

truncate mdl_mem_mark_stats;

truncate mdl_mem_pages;


-- Insert test data.
insert into mdl_course (category, sortorder, fullname, shortname, summary, format)  values ('1', '10000', 'CMPUT401 Test Course', 'C401', 'This is a test course.', 'weeks');

insert into mdl_user (firstname, lastname, username, password, email, idnumber)  values ( 'Student0', 'StudentLastName0', 'student0', 'symmetricalSpoon#1', 'student0@cmput401.ca', '6972680' );

insert into mdl_mem_booklet_data (student_id, prof_id, course_id, year_semester_origin, max_pages)  values ( '6972680', 1, '2', '2016 FALL', 5 );

SET @foreignkey=(select last_insert_id());
insert into mdl_mem_mark_stats (booklet_id, total_booklet_score, total_booklet_score_max) values ( (select @foreignkey), 6, 20 );

insert into mdl_mem_pages (booklet_id, page_marks, page_marks_max, page_num) values ( (select @foreignkey), 1, 4, 1 ),  ( (select @foreignkey), 1, 4, 2 ),  ( (select @foreignkey), 1, 4, 3 ),  ( (select @foreignkey), 1, 4, 4 ),  ( (select @foreignkey), 1, 4, 5 );



insert into mdl_user (firstname, lastname, username, password, email, idnumber)  values ( 'Student1', 'StudentLastName1', 'student1', 'symmetricalSpoon#1', 'student1@cmput401.ca', '8039376' );

insert into mdl_mem_booklet_data (student_id, prof_id, course_id, year_semester_origin, max_pages)  values ( '8039376', 3, '2', '2016 FALL', 5 );

SET @foreignkey=(select last_insert_id());
insert into mdl_mem_mark_stats (booklet_id, total_booklet_score, total_booklet_score_max) values ( (select @foreignkey), 13, 20 );

insert into mdl_mem_pages (booklet_id, page_marks, page_marks_max, page_num) values ( (select @foreignkey), 3, 4, 1 ),  ( (select @foreignkey), 3, 4, 2 ),  ( (select @foreignkey), 3, 4, 3 ),  ( (select @foreignkey), 3, 4, 4 ),  ( (select @foreignkey), 3, 4, 5 );



insert into mdl_user (firstname, lastname, username, password, email, idnumber)  values ( 'Student2', 'StudentLastName2', 'student2', 'symmetricalSpoon#1', 'student2@cmput401.ca', '6359857' );

insert into mdl_mem_booklet_data (student_id, prof_id, course_id, year_semester_origin, max_pages)  values ( '6359857', 3, '2', '2016 FALL', 5 );

SET @foreignkey=(select last_insert_id());
insert into mdl_mem_mark_stats (booklet_id, total_booklet_score, total_booklet_score_max) values ( (select @foreignkey), 18, 20 );

insert into mdl_mem_pages (booklet_id, page_marks, page_marks_max, page_num) values ( (select @foreignkey), 4, 4, 1 ),  ( (select @foreignkey), 4, 4, 2 ),  ( (select @foreignkey), 4, 4, 3 ),  ( (select @foreignkey), 4, 4, 4 ),  ( (select @foreignkey), 4, 4, 5 );



insert into mdl_user (firstname, lastname, username, password, email, idnumber)  values ( 'Student3', 'StudentLastName3', 'student3', 'symmetricalSpoon#1', 'student3@cmput401.ca', '4231664' );

insert into mdl_mem_booklet_data (student_id, prof_id, course_id, year_semester_origin, max_pages)  values ( '4231664', 1, '2', '2016 FALL', 5 );

SET @foreignkey=(select last_insert_id());
insert into mdl_mem_mark_stats (booklet_id, total_booklet_score, total_booklet_score_max) values ( (select @foreignkey), 3, 20 );

insert into mdl_mem_pages (booklet_id, page_marks, page_marks_max, page_num) values ( (select @foreignkey), 0, 4, 1 ),  ( (select @foreignkey), 0, 4, 2 ),  ( (select @foreignkey), 0, 4, 3 ),  ( (select @foreignkey), 0, 4, 4 ),  ( (select @foreignkey), 0, 4, 5 );



insert into mdl_user (firstname, lastname, username, password, email, idnumber)  values ( 'Student4', 'StudentLastName4', 'student4', 'symmetricalSpoon#1', 'student4@cmput401.ca', '9069649' );

insert into mdl_mem_booklet_data (student_id, prof_id, course_id, year_semester_origin, max_pages)  values ( '9069649', 1, '2', '2016 FALL', 5 );

SET @foreignkey=(select last_insert_id());
insert into mdl_mem_mark_stats (booklet_id, total_booklet_score, total_booklet_score_max) values ( (select @foreignkey), 11, 20 );

insert into mdl_mem_pages (booklet_id, page_marks, page_marks_max, page_num) values ( (select @foreignkey), 2, 4, 1 ),  ( (select @foreignkey), 2, 4, 2 ),  ( (select @foreignkey), 2, 4, 3 ),  ( (select @foreignkey), 2, 4, 4 ),  ( (select @foreignkey), 2, 4, 5 );



insert into mdl_user (firstname, lastname, username, password, email, idnumber)  values ( 'Student5', 'StudentLastName5', 'student5', 'symmetricalSpoon#1', 'student5@cmput401.ca', '5388151' );

insert into mdl_mem_booklet_data (student_id, prof_id, course_id, year_semester_origin, max_pages)  values ( '5388151', 2, '2', '2016 FALL', 5 );

SET @foreignkey=(select last_insert_id());
insert into mdl_mem_mark_stats (booklet_id, total_booklet_score, total_booklet_score_max) values ( (select @foreignkey), 7, 20 );

insert into mdl_mem_pages (booklet_id, page_marks, page_marks_max, page_num) values ( (select @foreignkey), 1, 4, 1 ),  ( (select @foreignkey), 1, 4, 2 ),  ( (select @foreignkey), 1, 4, 3 ),  ( (select @foreignkey), 1, 4, 4 ),  ( (select @foreignkey), 1, 4, 5 );



insert into mdl_user (firstname, lastname, username, password, email, idnumber)  values ( 'Student6', 'StudentLastName6', 'student6', 'symmetricalSpoon#1', 'student6@cmput401.ca', '9750400' );

insert into mdl_mem_booklet_data (student_id, prof_id, course_id, year_semester_origin, max_pages)  values ( '9750400', 1, '2', '2016 FALL', 5 );

SET @foreignkey=(select last_insert_id());
insert into mdl_mem_mark_stats (booklet_id, total_booklet_score, total_booklet_score_max) values ( (select @foreignkey), 1, 20 );

insert into mdl_mem_pages (booklet_id, page_marks, page_marks_max, page_num) values ( (select @foreignkey), 0, 4, 1 ),  ( (select @foreignkey), 0, 4, 2 ),  ( (select @foreignkey), 0, 4, 3 ),  ( (select @foreignkey), 0, 4, 4 ),  ( (select @foreignkey), 0, 4, 5 );



insert into mdl_user (firstname, lastname, username, password, email, idnumber)  values ( 'Student7', 'StudentLastName7', 'student7', 'symmetricalSpoon#1', 'student7@cmput401.ca', '1541400' );

insert into mdl_mem_booklet_data (student_id, prof_id, course_id, year_semester_origin, max_pages)  values ( '1541400', 1, '2', '2016 FALL', 5 );

SET @foreignkey=(select last_insert_id());
insert into mdl_mem_mark_stats (booklet_id, total_booklet_score, total_booklet_score_max) values ( (select @foreignkey), 14, 20 );

insert into mdl_mem_pages (booklet_id, page_marks, page_marks_max, page_num) values ( (select @foreignkey), 3, 4, 1 ),  ( (select @foreignkey), 3, 4, 2 ),  ( (select @foreignkey), 3, 4, 3 ),  ( (select @foreignkey), 3, 4, 4 ),  ( (select @foreignkey), 3, 4, 5 );



insert into mdl_user (firstname, lastname, username, password, email, idnumber)  values ( 'Student8', 'StudentLastName8', 'student8', 'symmetricalSpoon#1', 'student8@cmput401.ca', '8460672' );

insert into mdl_mem_booklet_data (student_id, prof_id, course_id, year_semester_origin, max_pages)  values ( '8460672', 1, '2', '2016 FALL', 5 );

SET @foreignkey=(select last_insert_id());
insert into mdl_mem_mark_stats (booklet_id, total_booklet_score, total_booklet_score_max) values ( (select @foreignkey), 5, 20 );

insert into mdl_mem_pages (booklet_id, page_marks, page_marks_max, page_num) values ( (select @foreignkey), 1, 4, 1 ),  ( (select @foreignkey), 1, 4, 2 ),  ( (select @foreignkey), 1, 4, 3 ),  ( (select @foreignkey), 1, 4, 4 ),  ( (select @foreignkey), 1, 4, 5 );



insert into mdl_user (firstname, lastname, username, password, email, idnumber)  values ( 'Student9', 'StudentLastName9', 'student9', 'symmetricalSpoon#1', 'student9@cmput401.ca', '1704809' );

insert into mdl_mem_booklet_data (student_id, prof_id, course_id, year_semester_origin, max_pages)  values ( '1704809', 0, '2', '2016 FALL', 5 );

SET @foreignkey=(select last_insert_id());
insert into mdl_mem_mark_stats (booklet_id, total_booklet_score, total_booklet_score_max) values ( (select @foreignkey), 1, 20 );

insert into mdl_mem_pages (booklet_id, page_marks, page_marks_max, page_num) values ( (select @foreignkey), 0, 4, 1 ),  ( (select @foreignkey), 0, 4, 2 ),  ( (select @foreignkey), 0, 4, 3 ),  ( (select @foreignkey), 0, 4, 4 ),  ( (select @foreignkey), 0, 4, 5 );



insert into mdl_user (firstname, lastname, username, password, email, idnumber)  values ( 'Student10', 'StudentLastName10', 'student10', 'symmetricalSpoon#1', 'student10@cmput401.ca', '8141643' );

insert into mdl_mem_booklet_data (student_id, prof_id, course_id, year_semester_origin, max_pages)  values ( '8141643', 0, '2', '2016 FALL', 5 );

SET @foreignkey=(select last_insert_id());
insert into mdl_mem_mark_stats (booklet_id, total_booklet_score, total_booklet_score_max) values ( (select @foreignkey), 1, 20 );

insert into mdl_mem_pages (booklet_id, page_marks, page_marks_max, page_num) values ( (select @foreignkey), 0, 4, 1 ),  ( (select @foreignkey), 0, 4, 2 ),  ( (select @foreignkey), 0, 4, 3 ),  ( (select @foreignkey), 0, 4, 4 ),  ( (select @foreignkey), 0, 4, 5 );



insert into mdl_user (firstname, lastname, username, password, email, idnumber)  values ( 'Student11', 'StudentLastName11', 'student11', 'symmetricalSpoon#1', 'student11@cmput401.ca', '8462647' );

insert into mdl_mem_booklet_data (student_id, prof_id, course_id, year_semester_origin, max_pages)  values ( '8462647', 3, '2', '2016 FALL', 5 );

SET @foreignkey=(select last_insert_id());
insert into mdl_mem_mark_stats (booklet_id, total_booklet_score, total_booklet_score_max) values ( (select @foreignkey), 13, 20 );

insert into mdl_mem_pages (booklet_id, page_marks, page_marks_max, page_num) values ( (select @foreignkey), 3, 4, 1 ),  ( (select @foreignkey), 3, 4, 2 ),  ( (select @foreignkey), 3, 4, 3 ),  ( (select @foreignkey), 3, 4, 4 ),  ( (select @foreignkey), 3, 4, 5 );



insert into mdl_user (firstname, lastname, username, password, email, idnumber)  values ( 'Student12', 'StudentLastName12', 'student12', 'symmetricalSpoon#1', 'student12@cmput401.ca', '3867507' );

insert into mdl_mem_booklet_data (student_id, prof_id, course_id, year_semester_origin, max_pages)  values ( '3867507', 2, '2', '2016 FALL', 5 );

SET @foreignkey=(select last_insert_id());
insert into mdl_mem_mark_stats (booklet_id, total_booklet_score, total_booklet_score_max) values ( (select @foreignkey), 16, 20 );

insert into mdl_mem_pages (booklet_id, page_marks, page_marks_max, page_num) values ( (select @foreignkey), 4, 4, 1 ),  ( (select @foreignkey), 4, 4, 2 ),  ( (select @foreignkey), 4, 4, 3 ),  ( (select @foreignkey), 4, 4, 4 ),  ( (select @foreignkey), 4, 4, 5 );



insert into mdl_user (firstname, lastname, username, password, email, idnumber)  values ( 'Student13', 'StudentLastName13', 'student13', 'symmetricalSpoon#1', 'student13@cmput401.ca', '6340507' );

insert into mdl_mem_booklet_data (student_id, prof_id, course_id, year_semester_origin, max_pages)  values ( '6340507', 1, '2', '2016 FALL', 5 );

SET @foreignkey=(select last_insert_id());
insert into mdl_mem_mark_stats (booklet_id, total_booklet_score, total_booklet_score_max) values ( (select @foreignkey), 15, 20 );

insert into mdl_mem_pages (booklet_id, page_marks, page_marks_max, page_num) values ( (select @foreignkey), 3, 4, 1 ),  ( (select @foreignkey), 3, 4, 2 ),  ( (select @foreignkey), 3, 4, 3 ),  ( (select @foreignkey), 3, 4, 4 ),  ( (select @foreignkey), 3, 4, 5 );



insert into mdl_user (firstname, lastname, username, password, email, idnumber)  values ( 'Student14', 'StudentLastName14', 'student14', 'symmetricalSpoon#1', 'student14@cmput401.ca', '4582015' );

insert into mdl_mem_booklet_data (student_id, prof_id, course_id, year_semester_origin, max_pages)  values ( '4582015', 1, '2', '2016 FALL', 5 );

SET @foreignkey=(select last_insert_id());
insert into mdl_mem_mark_stats (booklet_id, total_booklet_score, total_booklet_score_max) values ( (select @foreignkey), 14, 20 );

insert into mdl_mem_pages (booklet_id, page_marks, page_marks_max, page_num) values ( (select @foreignkey), 3, 4, 1 ),  ( (select @foreignkey), 3, 4, 2 ),  ( (select @foreignkey), 3, 4, 3 ),  ( (select @foreignkey), 3, 4, 4 ),  ( (select @foreignkey), 3, 4, 5 );



insert into mdl_user (firstname, lastname, username, password, email, idnumber)  values ( 'Student15', 'StudentLastName15', 'student15', 'symmetricalSpoon#1', 'student15@cmput401.ca', '6393938' );

insert into mdl_mem_booklet_data (student_id, prof_id, course_id, year_semester_origin, max_pages)  values ( '6393938', 3, '2', '2016 FALL', 5 );

SET @foreignkey=(select last_insert_id());
insert into mdl_mem_mark_stats (booklet_id, total_booklet_score, total_booklet_score_max) values ( (select @foreignkey), 0, 20 );

insert into mdl_mem_pages (booklet_id, page_marks, page_marks_max, page_num) values ( (select @foreignkey), 0, 4, 1 ),  ( (select @foreignkey), 0, 4, 2 ),  ( (select @foreignkey), 0, 4, 3 ),  ( (select @foreignkey), 0, 4, 4 ),  ( (select @foreignkey), 0, 4, 5 );



insert into mdl_user (firstname, lastname, username, password, email, idnumber)  values ( 'Student16', 'StudentLastName16', 'student16', 'symmetricalSpoon#1', 'student16@cmput401.ca', '5729134' );

insert into mdl_mem_booklet_data (student_id, prof_id, course_id, year_semester_origin, max_pages)  values ( '5729134', 0, '2', '2016 FALL', 5 );

SET @foreignkey=(select last_insert_id());
insert into mdl_mem_mark_stats (booklet_id, total_booklet_score, total_booklet_score_max) values ( (select @foreignkey), 9, 20 );

insert into mdl_mem_pages (booklet_id, page_marks, page_marks_max, page_num) values ( (select @foreignkey), 2, 4, 1 ),  ( (select @foreignkey), 2, 4, 2 ),  ( (select @foreignkey), 2, 4, 3 ),  ( (select @foreignkey), 2, 4, 4 ),  ( (select @foreignkey), 2, 4, 5 );



insert into mdl_user (firstname, lastname, username, password, email, idnumber)  values ( 'Student17', 'StudentLastName17', 'student17', 'symmetricalSpoon#1', 'student17@cmput401.ca', '2617500' );

insert into mdl_mem_booklet_data (student_id, prof_id, course_id, year_semester_origin, max_pages)  values ( '2617500', 1, '2', '2016 FALL', 5 );

SET @foreignkey=(select last_insert_id());
insert into mdl_mem_mark_stats (booklet_id, total_booklet_score, total_booklet_score_max) values ( (select @foreignkey), 8, 20 );

insert into mdl_mem_pages (booklet_id, page_marks, page_marks_max, page_num) values ( (select @foreignkey), 2, 4, 1 ),  ( (select @foreignkey), 2, 4, 2 ),  ( (select @foreignkey), 2, 4, 3 ),  ( (select @foreignkey), 2, 4, 4 ),  ( (select @foreignkey), 2, 4, 5 );



insert into mdl_user (firstname, lastname, username, password, email, idnumber)  values ( 'Student18', 'StudentLastName18', 'student18', 'symmetricalSpoon#1', 'student18@cmput401.ca', '1856590' );

insert into mdl_mem_booklet_data (student_id, prof_id, course_id, year_semester_origin, max_pages)  values ( '1856590', 0, '2', '2016 FALL', 5 );

SET @foreignkey=(select last_insert_id());
insert into mdl_mem_mark_stats (booklet_id, total_booklet_score, total_booklet_score_max) values ( (select @foreignkey), 13, 20 );

insert into mdl_mem_pages (booklet_id, page_marks, page_marks_max, page_num) values ( (select @foreignkey), 3, 4, 1 ),  ( (select @foreignkey), 3, 4, 2 ),  ( (select @foreignkey), 3, 4, 3 ),  ( (select @foreignkey), 3, 4, 4 ),  ( (select @foreignkey), 3, 4, 5 );



insert into mdl_user (firstname, lastname, username, password, email, idnumber)  values ( 'Student19', 'StudentLastName19', 'student19', 'symmetricalSpoon#1', 'student19@cmput401.ca', '3077056' );

insert into mdl_mem_booklet_data (student_id, prof_id, course_id, year_semester_origin, max_pages)  values ( '3077056', 0, '2', '2016 FALL', 5 );

SET @foreignkey=(select last_insert_id());
insert into mdl_mem_mark_stats (booklet_id, total_booklet_score, total_booklet_score_max) values ( (select @foreignkey), 17, 20 );

insert into mdl_mem_pages (booklet_id, page_marks, page_marks_max, page_num) values ( (select @foreignkey), 4, 4, 1 ),  ( (select @foreignkey), 4, 4, 2 ),  ( (select @foreignkey), 4, 4, 3 ),  ( (select @foreignkey), 4, 4, 4 ),  ( (select @foreignkey), 4, 4, 5 );



insert into mdl_user (firstname, lastname, username, password, email, idnumber)  values ( 'Student20', 'StudentLastName20', 'student20', 'symmetricalSpoon#1', 'student20@cmput401.ca', '5992438' );

insert into mdl_mem_booklet_data (student_id, prof_id, course_id, year_semester_origin, max_pages)  values ( '5992438', 3, '2', '2016 FALL', 5 );

SET @foreignkey=(select last_insert_id());
insert into mdl_mem_mark_stats (booklet_id, total_booklet_score, total_booklet_score_max) values ( (select @foreignkey), 2, 20 );

insert into mdl_mem_pages (booklet_id, page_marks, page_marks_max, page_num) values ( (select @foreignkey), 0, 4, 1 ),  ( (select @foreignkey), 0, 4, 2 ),  ( (select @foreignkey), 0, 4, 3 ),  ( (select @foreignkey), 0, 4, 4 ),  ( (select @foreignkey), 0, 4, 5 );



insert into mdl_user (firstname, lastname, username, password, email, idnumber)  values ( 'Student21', 'StudentLastName21', 'student21', 'symmetricalSpoon#1', 'student21@cmput401.ca', '5145331' );

insert into mdl_mem_booklet_data (student_id, prof_id, course_id, year_semester_origin, max_pages)  values ( '5145331', 1, '2', '2016 FALL', 5 );

SET @foreignkey=(select last_insert_id());
insert into mdl_mem_mark_stats (booklet_id, total_booklet_score, total_booklet_score_max) values ( (select @foreignkey), 8, 20 );

insert into mdl_mem_pages (booklet_id, page_marks, page_marks_max, page_num) values ( (select @foreignkey), 2, 4, 1 ),  ( (select @foreignkey), 2, 4, 2 ),  ( (select @foreignkey), 2, 4, 3 ),  ( (select @foreignkey), 2, 4, 4 ),  ( (select @foreignkey), 2, 4, 5 );



insert into mdl_user (firstname, lastname, username, password, email, idnumber)  values ( 'Student22', 'StudentLastName22', 'student22', 'symmetricalSpoon#1', 'student22@cmput401.ca', '3718326' );

insert into mdl_mem_booklet_data (student_id, prof_id, course_id, year_semester_origin, max_pages)  values ( '3718326', 1, '2', '2016 FALL', 5 );

SET @foreignkey=(select last_insert_id());
insert into mdl_mem_mark_stats (booklet_id, total_booklet_score, total_booklet_score_max) values ( (select @foreignkey), 20, 20 );

insert into mdl_mem_pages (booklet_id, page_marks, page_marks_max, page_num) values ( (select @foreignkey), 5, 4, 1 ),  ( (select @foreignkey), 5, 4, 2 ),  ( (select @foreignkey), 5, 4, 3 ),  ( (select @foreignkey), 5, 4, 4 ),  ( (select @foreignkey), 5, 4, 5 );



insert into mdl_user (firstname, lastname, username, password, email, idnumber)  values ( 'Student23', 'StudentLastName23', 'student23', 'symmetricalSpoon#1', 'student23@cmput401.ca', '3759343' );

insert into mdl_mem_booklet_data (student_id, prof_id, course_id, year_semester_origin, max_pages)  values ( '3759343', 2, '2', '2016 FALL', 5 );

SET @foreignkey=(select last_insert_id());
insert into mdl_mem_mark_stats (booklet_id, total_booklet_score, total_booklet_score_max) values ( (select @foreignkey), 2, 20 );

insert into mdl_mem_pages (booklet_id, page_marks, page_marks_max, page_num) values ( (select @foreignkey), 0, 4, 1 ),  ( (select @foreignkey), 0, 4, 2 ),  ( (select @foreignkey), 0, 4, 3 ),  ( (select @foreignkey), 0, 4, 4 ),  ( (select @foreignkey), 0, 4, 5 );



insert into mdl_user (firstname, lastname, username, password, email, idnumber)  values ( 'Student24', 'StudentLastName24', 'student24', 'symmetricalSpoon#1', 'student24@cmput401.ca', '5820098' );

insert into mdl_mem_booklet_data (student_id, prof_id, course_id, year_semester_origin, max_pages)  values ( '5820098', 0, '2', '2016 FALL', 5 );

SET @foreignkey=(select last_insert_id());
insert into mdl_mem_mark_stats (booklet_id, total_booklet_score, total_booklet_score_max) values ( (select @foreignkey), 0, 20 );

insert into mdl_mem_pages (booklet_id, page_marks, page_marks_max, page_num) values ( (select @foreignkey), 0, 4, 1 ),  ( (select @foreignkey), 0, 4, 2 ),  ( (select @foreignkey), 0, 4, 3 ),  ( (select @foreignkey), 0, 4, 4 ),  ( (select @foreignkey), 0, 4, 5 );



insert into mdl_user (firstname, lastname, username, password, email, idnumber)  values ( 'Student25', 'StudentLastName25', 'student25', 'symmetricalSpoon#1', 'student25@cmput401.ca', '8691535' );

insert into mdl_mem_booklet_data (student_id, prof_id, course_id, year_semester_origin, max_pages)  values ( '8691535', 1, '2', '2016 FALL', 5 );

SET @foreignkey=(select last_insert_id());
insert into mdl_mem_mark_stats (booklet_id, total_booklet_score, total_booklet_score_max) values ( (select @foreignkey), 9, 20 );

insert into mdl_mem_pages (booklet_id, page_marks, page_marks_max, page_num) values ( (select @foreignkey), 2, 4, 1 ),  ( (select @foreignkey), 2, 4, 2 ),  ( (select @foreignkey), 2, 4, 3 ),  ( (select @foreignkey), 2, 4, 4 ),  ( (select @foreignkey), 2, 4, 5 );



insert into mdl_user (firstname, lastname, username, password, email, idnumber)  values ( 'Student26', 'StudentLastName26', 'student26', 'symmetricalSpoon#1', 'student26@cmput401.ca', '4902128' );

insert into mdl_mem_booklet_data (student_id, prof_id, course_id, year_semester_origin, max_pages)  values ( '4902128', 2, '2', '2016 FALL', 5 );

SET @foreignkey=(select last_insert_id());
insert into mdl_mem_mark_stats (booklet_id, total_booklet_score, total_booklet_score_max) values ( (select @foreignkey), 6, 20 );

insert into mdl_mem_pages (booklet_id, page_marks, page_marks_max, page_num) values ( (select @foreignkey), 1, 4, 1 ),  ( (select @foreignkey), 1, 4, 2 ),  ( (select @foreignkey), 1, 4, 3 ),  ( (select @foreignkey), 1, 4, 4 ),  ( (select @foreignkey), 1, 4, 5 );



insert into mdl_user (firstname, lastname, username, password, email, idnumber)  values ( 'Student27', 'StudentLastName27', 'student27', 'symmetricalSpoon#1', 'student27@cmput401.ca', '5304918' );

insert into mdl_mem_booklet_data (student_id, prof_id, course_id, year_semester_origin, max_pages)  values ( '5304918', 2, '2', '2016 FALL', 5 );

SET @foreignkey=(select last_insert_id());
insert into mdl_mem_mark_stats (booklet_id, total_booklet_score, total_booklet_score_max) values ( (select @foreignkey), 5, 20 );

insert into mdl_mem_pages (booklet_id, page_marks, page_marks_max, page_num) values ( (select @foreignkey), 1, 4, 1 ),  ( (select @foreignkey), 1, 4, 2 ),  ( (select @foreignkey), 1, 4, 3 ),  ( (select @foreignkey), 1, 4, 4 ),  ( (select @foreignkey), 1, 4, 5 );



insert into mdl_user (firstname, lastname, username, password, email, idnumber)  values ( 'Student28', 'StudentLastName28', 'student28', 'symmetricalSpoon#1', 'student28@cmput401.ca', '4567559' );

insert into mdl_mem_booklet_data (student_id, prof_id, course_id, year_semester_origin, max_pages)  values ( '4567559', 2, '2', '2016 FALL', 5 );

SET @foreignkey=(select last_insert_id());
insert into mdl_mem_mark_stats (booklet_id, total_booklet_score, total_booklet_score_max) values ( (select @foreignkey), 15, 20 );

insert into mdl_mem_pages (booklet_id, page_marks, page_marks_max, page_num) values ( (select @foreignkey), 3, 4, 1 ),  ( (select @foreignkey), 3, 4, 2 ),  ( (select @foreignkey), 3, 4, 3 ),  ( (select @foreignkey), 3, 4, 4 ),  ( (select @foreignkey), 3, 4, 5 );



insert into mdl_user (firstname, lastname, username, password, email, idnumber)  values ( 'Student29', 'StudentLastName29', 'student29', 'symmetricalSpoon#1', 'student29@cmput401.ca', '5713921' );

insert into mdl_mem_booklet_data (student_id, prof_id, course_id, year_semester_origin, max_pages)  values ( '5713921', 0, '2', '2016 FALL', 5 );

SET @foreignkey=(select last_insert_id());
insert into mdl_mem_mark_stats (booklet_id, total_booklet_score, total_booklet_score_max) values ( (select @foreignkey), 4, 20 );

insert into mdl_mem_pages (booklet_id, page_marks, page_marks_max, page_num) values ( (select @foreignkey), 1, 4, 1 ),  ( (select @foreignkey), 1, 4, 2 ),  ( (select @foreignkey), 1, 4, 3 ),  ( (select @foreignkey), 1, 4, 4 ),  ( (select @foreignkey), 1, 4, 5 );



insert into mdl_user (firstname, lastname, username, password, email, idnumber)  values ( 'Student30', 'StudentLastName30', 'student30', 'symmetricalSpoon#1', 'student30@cmput401.ca', '4385587' );

insert into mdl_mem_booklet_data (student_id, prof_id, course_id, year_semester_origin, max_pages)  values ( '4385587', 3, '2', '2016 FALL', 5 );

SET @foreignkey=(select last_insert_id());
insert into mdl_mem_mark_stats (booklet_id, total_booklet_score, total_booklet_score_max) values ( (select @foreignkey), 0, 20 );

insert into mdl_mem_pages (booklet_id, page_marks, page_marks_max, page_num) values ( (select @foreignkey), 0, 4, 1 ),  ( (select @foreignkey), 0, 4, 2 ),  ( (select @foreignkey), 0, 4, 3 ),  ( (select @foreignkey), 0, 4, 4 ),  ( (select @foreignkey), 0, 4, 5 );



insert into mdl_user (firstname, lastname, username, password, email, idnumber)  values ( 'Student31', 'StudentLastName31', 'student31', 'symmetricalSpoon#1', 'student31@cmput401.ca', '1883479' );

insert into mdl_mem_booklet_data (student_id, prof_id, course_id, year_semester_origin, max_pages)  values ( '1883479', 2, '2', '2016 FALL', 5 );

SET @foreignkey=(select last_insert_id());
insert into mdl_mem_mark_stats (booklet_id, total_booklet_score, total_booklet_score_max) values ( (select @foreignkey), 12, 20 );

insert into mdl_mem_pages (booklet_id, page_marks, page_marks_max, page_num) values ( (select @foreignkey), 3, 4, 1 ),  ( (select @foreignkey), 3, 4, 2 ),  ( (select @foreignkey), 3, 4, 3 ),  ( (select @foreignkey), 3, 4, 4 ),  ( (select @foreignkey), 3, 4, 5 );



insert into mdl_user (firstname, lastname, username, password, email, idnumber)  values ( 'Student32', 'StudentLastName32', 'student32', 'symmetricalSpoon#1', 'student32@cmput401.ca', '250578' );

insert into mdl_mem_booklet_data (student_id, prof_id, course_id, year_semester_origin, max_pages)  values ( '250578', 3, '2', '2016 FALL', 5 );

SET @foreignkey=(select last_insert_id());
insert into mdl_mem_mark_stats (booklet_id, total_booklet_score, total_booklet_score_max) values ( (select @foreignkey), 20, 20 );

insert into mdl_mem_pages (booklet_id, page_marks, page_marks_max, page_num) values ( (select @foreignkey), 5, 4, 1 ),  ( (select @foreignkey), 5, 4, 2 ),  ( (select @foreignkey), 5, 4, 3 ),  ( (select @foreignkey), 5, 4, 4 ),  ( (select @foreignkey), 5, 4, 5 );



insert into mdl_user (firstname, lastname, username, password, email, idnumber)  values ( 'Student33', 'StudentLastName33', 'student33', 'symmetricalSpoon#1', 'student33@cmput401.ca', '9191226' );

insert into mdl_mem_booklet_data (student_id, prof_id, course_id, year_semester_origin, max_pages)  values ( '9191226', 2, '2', '2016 FALL', 5 );

SET @foreignkey=(select last_insert_id());
insert into mdl_mem_mark_stats (booklet_id, total_booklet_score, total_booklet_score_max) values ( (select @foreignkey), 0, 20 );

insert into mdl_mem_pages (booklet_id, page_marks, page_marks_max, page_num) values ( (select @foreignkey), 0, 4, 1 ),  ( (select @foreignkey), 0, 4, 2 ),  ( (select @foreignkey), 0, 4, 3 ),  ( (select @foreignkey), 0, 4, 4 ),  ( (select @foreignkey), 0, 4, 5 );



insert into mdl_user (firstname, lastname, username, password, email, idnumber)  values ( 'Student34', 'StudentLastName34', 'student34', 'symmetricalSpoon#1', 'student34@cmput401.ca', '4447832' );

insert into mdl_mem_booklet_data (student_id, prof_id, course_id, year_semester_origin, max_pages)  values ( '4447832', 2, '2', '2016 FALL', 5 );

SET @foreignkey=(select last_insert_id());
insert into mdl_mem_mark_stats (booklet_id, total_booklet_score, total_booklet_score_max) values ( (select @foreignkey), 16, 20 );

insert into mdl_mem_pages (booklet_id, page_marks, page_marks_max, page_num) values ( (select @foreignkey), 4, 4, 1 ),  ( (select @foreignkey), 4, 4, 2 ),  ( (select @foreignkey), 4, 4, 3 ),  ( (select @foreignkey), 4, 4, 4 ),  ( (select @foreignkey), 4, 4, 5 );



insert into mdl_user (firstname, lastname, username, password, email, idnumber)  values ( 'Student35', 'StudentLastName35', 'student35', 'symmetricalSpoon#1', 'student35@cmput401.ca', '3377439' );

insert into mdl_mem_booklet_data (student_id, prof_id, course_id, year_semester_origin, max_pages)  values ( '3377439', 1, '2', '2016 FALL', 5 );

SET @foreignkey=(select last_insert_id());
insert into mdl_mem_mark_stats (booklet_id, total_booklet_score, total_booklet_score_max) values ( (select @foreignkey), 2, 20 );

insert into mdl_mem_pages (booklet_id, page_marks, page_marks_max, page_num) values ( (select @foreignkey), 0, 4, 1 ),  ( (select @foreignkey), 0, 4, 2 ),  ( (select @foreignkey), 0, 4, 3 ),  ( (select @foreignkey), 0, 4, 4 ),  ( (select @foreignkey), 0, 4, 5 );



insert into mdl_user (firstname, lastname, username, password, email, idnumber)  values ( 'Student36', 'StudentLastName36', 'student36', 'symmetricalSpoon#1', 'student36@cmput401.ca', '4551076' );

insert into mdl_mem_booklet_data (student_id, prof_id, course_id, year_semester_origin, max_pages)  values ( '4551076', 1, '2', '2016 FALL', 5 );

SET @foreignkey=(select last_insert_id());
insert into mdl_mem_mark_stats (booklet_id, total_booklet_score, total_booklet_score_max) values ( (select @foreignkey), 7, 20 );

insert into mdl_mem_pages (booklet_id, page_marks, page_marks_max, page_num) values ( (select @foreignkey), 1, 4, 1 ),  ( (select @foreignkey), 1, 4, 2 ),  ( (select @foreignkey), 1, 4, 3 ),  ( (select @foreignkey), 1, 4, 4 ),  ( (select @foreignkey), 1, 4, 5 );



insert into mdl_user (firstname, lastname, username, password, email, idnumber)  values ( 'Student37', 'StudentLastName37', 'student37', 'symmetricalSpoon#1', 'student37@cmput401.ca', '527441' );

insert into mdl_mem_booklet_data (student_id, prof_id, course_id, year_semester_origin, max_pages)  values ( '527441', 2, '2', '2016 FALL', 5 );

SET @foreignkey=(select last_insert_id());
insert into mdl_mem_mark_stats (booklet_id, total_booklet_score, total_booklet_score_max) values ( (select @foreignkey), 7, 20 );

insert into mdl_mem_pages (booklet_id, page_marks, page_marks_max, page_num) values ( (select @foreignkey), 1, 4, 1 ),  ( (select @foreignkey), 1, 4, 2 ),  ( (select @foreignkey), 1, 4, 3 ),  ( (select @foreignkey), 1, 4, 4 ),  ( (select @foreignkey), 1, 4, 5 );



insert into mdl_user (firstname, lastname, username, password, email, idnumber)  values ( 'Student38', 'StudentLastName38', 'student38', 'symmetricalSpoon#1', 'student38@cmput401.ca', '9129774' );

insert into mdl_mem_booklet_data (student_id, prof_id, course_id, year_semester_origin, max_pages)  values ( '9129774', 3, '2', '2016 FALL', 5 );

SET @foreignkey=(select last_insert_id());
insert into mdl_mem_mark_stats (booklet_id, total_booklet_score, total_booklet_score_max) values ( (select @foreignkey), 6, 20 );

insert into mdl_mem_pages (booklet_id, page_marks, page_marks_max, page_num) values ( (select @foreignkey), 1, 4, 1 ),  ( (select @foreignkey), 1, 4, 2 ),  ( (select @foreignkey), 1, 4, 3 ),  ( (select @foreignkey), 1, 4, 4 ),  ( (select @foreignkey), 1, 4, 5 );



insert into mdl_user (firstname, lastname, username, password, email, idnumber)  values ( 'Student39', 'StudentLastName39', 'student39', 'symmetricalSpoon#1', 'student39@cmput401.ca', '4806208' );

insert into mdl_mem_booklet_data (student_id, prof_id, course_id, year_semester_origin, max_pages)  values ( '4806208', 0, '2', '2016 FALL', 5 );

SET @foreignkey=(select last_insert_id());
insert into mdl_mem_mark_stats (booklet_id, total_booklet_score, total_booklet_score_max) values ( (select @foreignkey), 4, 20 );

insert into mdl_mem_pages (booklet_id, page_marks, page_marks_max, page_num) values ( (select @foreignkey), 1, 4, 1 ),  ( (select @foreignkey), 1, 4, 2 ),  ( (select @foreignkey), 1, 4, 3 ),  ( (select @foreignkey), 1, 4, 4 ),  ( (select @foreignkey), 1, 4, 5 );



insert into mdl_user (firstname, lastname, username, password, email, idnumber)  values ( 'Student40', 'StudentLastName40', 'student40', 'symmetricalSpoon#1', 'student40@cmput401.ca', '4330586' );

insert into mdl_mem_booklet_data (student_id, prof_id, course_id, year_semester_origin, max_pages)  values ( '4330586', 1, '2', '2016 FALL', 5 );

SET @foreignkey=(select last_insert_id());
insert into mdl_mem_mark_stats (booklet_id, total_booklet_score, total_booklet_score_max) values ( (select @foreignkey), 0, 20 );

insert into mdl_mem_pages (booklet_id, page_marks, page_marks_max, page_num) values ( (select @foreignkey), 0, 4, 1 ),  ( (select @foreignkey), 0, 4, 2 ),  ( (select @foreignkey), 0, 4, 3 ),  ( (select @foreignkey), 0, 4, 4 ),  ( (select @foreignkey), 0, 4, 5 );



insert into mdl_user (firstname, lastname, username, password, email, idnumber)  values ( 'Student41', 'StudentLastName41', 'student41', 'symmetricalSpoon#1', 'student41@cmput401.ca', '4788375' );

insert into mdl_mem_booklet_data (student_id, prof_id, course_id, year_semester_origin, max_pages)  values ( '4788375', 2, '2', '2016 FALL', 5 );

SET @foreignkey=(select last_insert_id());
insert into mdl_mem_mark_stats (booklet_id, total_booklet_score, total_booklet_score_max) values ( (select @foreignkey), 3, 20 );

insert into mdl_mem_pages (booklet_id, page_marks, page_marks_max, page_num) values ( (select @foreignkey), 0, 4, 1 ),  ( (select @foreignkey), 0, 4, 2 ),  ( (select @foreignkey), 0, 4, 3 ),  ( (select @foreignkey), 0, 4, 4 ),  ( (select @foreignkey), 0, 4, 5 );



insert into mdl_user (firstname, lastname, username, password, email, idnumber)  values ( 'Student42', 'StudentLastName42', 'student42', 'symmetricalSpoon#1', 'student42@cmput401.ca', '5457636' );

insert into mdl_mem_booklet_data (student_id, prof_id, course_id, year_semester_origin, max_pages)  values ( '5457636', 1, '2', '2016 FALL', 5 );

SET @foreignkey=(select last_insert_id());
insert into mdl_mem_mark_stats (booklet_id, total_booklet_score, total_booklet_score_max) values ( (select @foreignkey), 9, 20 );

insert into mdl_mem_pages (booklet_id, page_marks, page_marks_max, page_num) values ( (select @foreignkey), 2, 4, 1 ),  ( (select @foreignkey), 2, 4, 2 ),  ( (select @foreignkey), 2, 4, 3 ),  ( (select @foreignkey), 2, 4, 4 ),  ( (select @foreignkey), 2, 4, 5 );



insert into mdl_user (firstname, lastname, username, password, email, idnumber)  values ( 'Student43', 'StudentLastName43', 'student43', 'symmetricalSpoon#1', 'student43@cmput401.ca', '6552032' );

insert into mdl_mem_booklet_data (student_id, prof_id, course_id, year_semester_origin, max_pages)  values ( '6552032', 1, '2', '2016 FALL', 5 );

SET @foreignkey=(select last_insert_id());
insert into mdl_mem_mark_stats (booklet_id, total_booklet_score, total_booklet_score_max) values ( (select @foreignkey), 5, 20 );

insert into mdl_mem_pages (booklet_id, page_marks, page_marks_max, page_num) values ( (select @foreignkey), 1, 4, 1 ),  ( (select @foreignkey), 1, 4, 2 ),  ( (select @foreignkey), 1, 4, 3 ),  ( (select @foreignkey), 1, 4, 4 ),  ( (select @foreignkey), 1, 4, 5 );



insert into mdl_user (firstname, lastname, username, password, email, idnumber)  values ( 'Student44', 'StudentLastName44', 'student44', 'symmetricalSpoon#1', 'student44@cmput401.ca', '3358201' );

insert into mdl_mem_booklet_data (student_id, prof_id, course_id, year_semester_origin, max_pages)  values ( '3358201', 1, '2', '2016 FALL', 5 );

SET @foreignkey=(select last_insert_id());
insert into mdl_mem_mark_stats (booklet_id, total_booklet_score, total_booklet_score_max) values ( (select @foreignkey), 17, 20 );

insert into mdl_mem_pages (booklet_id, page_marks, page_marks_max, page_num) values ( (select @foreignkey), 4, 4, 1 ),  ( (select @foreignkey), 4, 4, 2 ),  ( (select @foreignkey), 4, 4, 3 ),  ( (select @foreignkey), 4, 4, 4 ),  ( (select @foreignkey), 4, 4, 5 );



insert into mdl_user (firstname, lastname, username, password, email, idnumber)  values ( 'Student45', 'StudentLastName45', 'student45', 'symmetricalSpoon#1', 'student45@cmput401.ca', '5259669' );

insert into mdl_mem_booklet_data (student_id, prof_id, course_id, year_semester_origin, max_pages)  values ( '5259669', 3, '2', '2016 FALL', 5 );

SET @foreignkey=(select last_insert_id());
insert into mdl_mem_mark_stats (booklet_id, total_booklet_score, total_booklet_score_max) values ( (select @foreignkey), 8, 20 );

insert into mdl_mem_pages (booklet_id, page_marks, page_marks_max, page_num) values ( (select @foreignkey), 2, 4, 1 ),  ( (select @foreignkey), 2, 4, 2 ),  ( (select @foreignkey), 2, 4, 3 ),  ( (select @foreignkey), 2, 4, 4 ),  ( (select @foreignkey), 2, 4, 5 );



insert into mdl_user (firstname, lastname, username, password, email, idnumber)  values ( 'Student46', 'StudentLastName46', 'student46', 'symmetricalSpoon#1', 'student46@cmput401.ca', '6263651' );

insert into mdl_mem_booklet_data (student_id, prof_id, course_id, year_semester_origin, max_pages)  values ( '6263651', 1, '2', '2016 FALL', 5 );

SET @foreignkey=(select last_insert_id());
insert into mdl_mem_mark_stats (booklet_id, total_booklet_score, total_booklet_score_max) values ( (select @foreignkey), 20, 20 );

insert into mdl_mem_pages (booklet_id, page_marks, page_marks_max, page_num) values ( (select @foreignkey), 5, 4, 1 ),  ( (select @foreignkey), 5, 4, 2 ),  ( (select @foreignkey), 5, 4, 3 ),  ( (select @foreignkey), 5, 4, 4 ),  ( (select @foreignkey), 5, 4, 5 );



insert into mdl_user (firstname, lastname, username, password, email, idnumber)  values ( 'Student47', 'StudentLastName47', 'student47', 'symmetricalSpoon#1', 'student47@cmput401.ca', '6569348' );

insert into mdl_mem_booklet_data (student_id, prof_id, course_id, year_semester_origin, max_pages)  values ( '6569348', 2, '2', '2016 FALL', 5 );

SET @foreignkey=(select last_insert_id());
insert into mdl_mem_mark_stats (booklet_id, total_booklet_score, total_booklet_score_max) values ( (select @foreignkey), 19, 20 );

insert into mdl_mem_pages (booklet_id, page_marks, page_marks_max, page_num) values ( (select @foreignkey), 4, 4, 1 ),  ( (select @foreignkey), 4, 4, 2 ),  ( (select @foreignkey), 4, 4, 3 ),  ( (select @foreignkey), 4, 4, 4 ),  ( (select @foreignkey), 4, 4, 5 );



insert into mdl_user (firstname, lastname, username, password, email, idnumber)  values ( 'Student48', 'StudentLastName48', 'student48', 'symmetricalSpoon#1', 'student48@cmput401.ca', '8360883' );

insert into mdl_mem_booklet_data (student_id, prof_id, course_id, year_semester_origin, max_pages)  values ( '8360883', 2, '2', '2016 FALL', 5 );

SET @foreignkey=(select last_insert_id());
insert into mdl_mem_mark_stats (booklet_id, total_booklet_score, total_booklet_score_max) values ( (select @foreignkey), 1, 20 );

insert into mdl_mem_pages (booklet_id, page_marks, page_marks_max, page_num) values ( (select @foreignkey), 0, 4, 1 ),  ( (select @foreignkey), 0, 4, 2 ),  ( (select @foreignkey), 0, 4, 3 ),  ( (select @foreignkey), 0, 4, 4 ),  ( (select @foreignkey), 0, 4, 5 );



insert into mdl_user (firstname, lastname, username, password, email, idnumber)  values ( 'Student49', 'StudentLastName49', 'student49', 'symmetricalSpoon#1', 'student49@cmput401.ca', '9597447' );

insert into mdl_mem_booklet_data (student_id, prof_id, course_id, year_semester_origin, max_pages)  values ( '9597447', 0, '2', '2016 FALL', 5 );

SET @foreignkey=(select last_insert_id());
insert into mdl_mem_mark_stats (booklet_id, total_booklet_score, total_booklet_score_max) values ( (select @foreignkey), 12, 20 );

insert into mdl_mem_pages (booklet_id, page_marks, page_marks_max, page_num) values ( (select @foreignkey), 3, 4, 1 ),  ( (select @foreignkey), 3, 4, 2 ),  ( (select @foreignkey), 3, 4, 3 ),  ( (select @foreignkey), 3, 4, 4 ),  ( (select @foreignkey), 3, 4, 5 );



