-- To RUN: in terminal type mysql -u root --password=symmetricalSpoon moodledb < 401_memplugin_test_data.sql

-- Delete/truncate tables before inserting the test data.
delete from mdl_user where username like 'student%';

truncate mdl_mem_booklet_data;

truncate mdl_mem_mark_stats;

truncate mdl_mem_pages;


-- Insert test data.
insert into mdl_course (category, sortorder, fullname, shortname, summary, format)  values ('1', '10000', 'CMPUT401 Test Course', 'C401', 'This is a test course.', 'weeks');

insert into mdl_user (firstname, lastname, username, password, email, idnumber)  values ( 'Student0', 'StudentLastName0', 'student0', 'symmetricalSpoon#1', 'student0@cmput401.ca', '9465186' );

insert into mdl_mem_booklet_data (student_id, prof_id, course_id, year_semester_origin, max_pages)  values ( '9465186', 0, '8', '2016 FALL', 5 );

SET @foreignkey=(select last_insert_id());
insert into mdl_mem_mark_stats (booklet_id, total_booklet_score, total_booklet_score_max) values ( (select @foreignkey), 20, 20 );

insert into mdl_mem_pages (booklet_id, page_marks, page_marks_max, page_num) values ( (select @foreignkey), 5, 4, 1 ),  ( (select @foreignkey), 5, 4, 2 ),  ( (select @foreignkey), 5, 4, 3 ),  ( (select @foreignkey), 5, 4, 4 ),  ( (select @foreignkey), 5, 4, 5 );



insert into mdl_user (firstname, lastname, username, password, email, idnumber)  values ( 'Student1', 'StudentLastName1', 'student1', 'symmetricalSpoon#1', 'student1@cmput401.ca', '2801672' );

insert into mdl_mem_booklet_data (student_id, prof_id, course_id, year_semester_origin, max_pages)  values ( '2801672', 2, '8', '2016 FALL', 5 );

SET @foreignkey=(select last_insert_id());
insert into mdl_mem_mark_stats (booklet_id, total_booklet_score, total_booklet_score_max) values ( (select @foreignkey), 15, 20 );

insert into mdl_mem_pages (booklet_id, page_marks, page_marks_max, page_num) values ( (select @foreignkey), 3, 4, 1 ),  ( (select @foreignkey), 3, 4, 2 ),  ( (select @foreignkey), 3, 4, 3 ),  ( (select @foreignkey), 3, 4, 4 ),  ( (select @foreignkey), 3, 4, 5 );



insert into mdl_user (firstname, lastname, username, password, email, idnumber)  values ( 'Student2', 'StudentLastName2', 'student2', 'symmetricalSpoon#1', 'student2@cmput401.ca', '7424974' );

insert into mdl_mem_booklet_data (student_id, prof_id, course_id, year_semester_origin, max_pages)  values ( '7424974', 2, '8', '2016 FALL', 5 );

SET @foreignkey=(select last_insert_id());
insert into mdl_mem_mark_stats (booklet_id, total_booklet_score, total_booklet_score_max) values ( (select @foreignkey), 5, 20 );

insert into mdl_mem_pages (booklet_id, page_marks, page_marks_max, page_num) values ( (select @foreignkey), 1, 4, 1 ),  ( (select @foreignkey), 1, 4, 2 ),  ( (select @foreignkey), 1, 4, 3 ),  ( (select @foreignkey), 1, 4, 4 ),  ( (select @foreignkey), 1, 4, 5 );



insert into mdl_user (firstname, lastname, username, password, email, idnumber)  values ( 'Student3', 'StudentLastName3', 'student3', 'symmetricalSpoon#1', 'student3@cmput401.ca', '400098' );

insert into mdl_mem_booklet_data (student_id, prof_id, course_id, year_semester_origin, max_pages)  values ( '400098', 1, '8', '2016 FALL', 5 );

SET @foreignkey=(select last_insert_id());
insert into mdl_mem_mark_stats (booklet_id, total_booklet_score, total_booklet_score_max) values ( (select @foreignkey), 2, 20 );

insert into mdl_mem_pages (booklet_id, page_marks, page_marks_max, page_num) values ( (select @foreignkey), 0, 4, 1 ),  ( (select @foreignkey), 0, 4, 2 ),  ( (select @foreignkey), 0, 4, 3 ),  ( (select @foreignkey), 0, 4, 4 ),  ( (select @foreignkey), 0, 4, 5 );



insert into mdl_user (firstname, lastname, username, password, email, idnumber)  values ( 'Student4', 'StudentLastName4', 'student4', 'symmetricalSpoon#1', 'student4@cmput401.ca', '2615987' );

insert into mdl_mem_booklet_data (student_id, prof_id, course_id, year_semester_origin, max_pages)  values ( '2615987', 1, '8', '2016 FALL', 5 );

SET @foreignkey=(select last_insert_id());
insert into mdl_mem_mark_stats (booklet_id, total_booklet_score, total_booklet_score_max) values ( (select @foreignkey), 11, 20 );

insert into mdl_mem_pages (booklet_id, page_marks, page_marks_max, page_num) values ( (select @foreignkey), 2, 4, 1 ),  ( (select @foreignkey), 2, 4, 2 ),  ( (select @foreignkey), 2, 4, 3 ),  ( (select @foreignkey), 2, 4, 4 ),  ( (select @foreignkey), 2, 4, 5 );



insert into mdl_user (firstname, lastname, username, password, email, idnumber)  values ( 'Student5', 'StudentLastName5', 'student5', 'symmetricalSpoon#1', 'student5@cmput401.ca', '4928454' );

insert into mdl_mem_booklet_data (student_id, prof_id, course_id, year_semester_origin, max_pages)  values ( '4928454', 1, '8', '2016 FALL', 5 );

SET @foreignkey=(select last_insert_id());
insert into mdl_mem_mark_stats (booklet_id, total_booklet_score, total_booklet_score_max) values ( (select @foreignkey), 10, 20 );

insert into mdl_mem_pages (booklet_id, page_marks, page_marks_max, page_num) values ( (select @foreignkey), 2, 4, 1 ),  ( (select @foreignkey), 2, 4, 2 ),  ( (select @foreignkey), 2, 4, 3 ),  ( (select @foreignkey), 2, 4, 4 ),  ( (select @foreignkey), 2, 4, 5 );



insert into mdl_user (firstname, lastname, username, password, email, idnumber)  values ( 'Student6', 'StudentLastName6', 'student6', 'symmetricalSpoon#1', 'student6@cmput401.ca', '3531562' );

insert into mdl_mem_booklet_data (student_id, prof_id, course_id, year_semester_origin, max_pages)  values ( '3531562', 0, '8', '2016 FALL', 5 );

SET @foreignkey=(select last_insert_id());
insert into mdl_mem_mark_stats (booklet_id, total_booklet_score, total_booklet_score_max) values ( (select @foreignkey), 10, 20 );

insert into mdl_mem_pages (booklet_id, page_marks, page_marks_max, page_num) values ( (select @foreignkey), 2, 4, 1 ),  ( (select @foreignkey), 2, 4, 2 ),  ( (select @foreignkey), 2, 4, 3 ),  ( (select @foreignkey), 2, 4, 4 ),  ( (select @foreignkey), 2, 4, 5 );



insert into mdl_user (firstname, lastname, username, password, email, idnumber)  values ( 'Student7', 'StudentLastName7', 'student7', 'symmetricalSpoon#1', 'student7@cmput401.ca', '1305978' );

insert into mdl_mem_booklet_data (student_id, prof_id, course_id, year_semester_origin, max_pages)  values ( '1305978', 1, '8', '2016 FALL', 5 );

SET @foreignkey=(select last_insert_id());
insert into mdl_mem_mark_stats (booklet_id, total_booklet_score, total_booklet_score_max) values ( (select @foreignkey), 15, 20 );

insert into mdl_mem_pages (booklet_id, page_marks, page_marks_max, page_num) values ( (select @foreignkey), 3, 4, 1 ),  ( (select @foreignkey), 3, 4, 2 ),  ( (select @foreignkey), 3, 4, 3 ),  ( (select @foreignkey), 3, 4, 4 ),  ( (select @foreignkey), 3, 4, 5 );



insert into mdl_user (firstname, lastname, username, password, email, idnumber)  values ( 'Student8', 'StudentLastName8', 'student8', 'symmetricalSpoon#1', 'student8@cmput401.ca', '4948233' );

insert into mdl_mem_booklet_data (student_id, prof_id, course_id, year_semester_origin, max_pages)  values ( '4948233', 3, '8', '2016 FALL', 5 );

SET @foreignkey=(select last_insert_id());
insert into mdl_mem_mark_stats (booklet_id, total_booklet_score, total_booklet_score_max) values ( (select @foreignkey), 19, 20 );

insert into mdl_mem_pages (booklet_id, page_marks, page_marks_max, page_num) values ( (select @foreignkey), 4, 4, 1 ),  ( (select @foreignkey), 4, 4, 2 ),  ( (select @foreignkey), 4, 4, 3 ),  ( (select @foreignkey), 4, 4, 4 ),  ( (select @foreignkey), 4, 4, 5 );



insert into mdl_user (firstname, lastname, username, password, email, idnumber)  values ( 'Student9', 'StudentLastName9', 'student9', 'symmetricalSpoon#1', 'student9@cmput401.ca', '4580832' );

insert into mdl_mem_booklet_data (student_id, prof_id, course_id, year_semester_origin, max_pages)  values ( '4580832', 0, '8', '2016 FALL', 5 );

SET @foreignkey=(select last_insert_id());
insert into mdl_mem_mark_stats (booklet_id, total_booklet_score, total_booklet_score_max) values ( (select @foreignkey), 12, 20 );

insert into mdl_mem_pages (booklet_id, page_marks, page_marks_max, page_num) values ( (select @foreignkey), 3, 4, 1 ),  ( (select @foreignkey), 3, 4, 2 ),  ( (select @foreignkey), 3, 4, 3 ),  ( (select @foreignkey), 3, 4, 4 ),  ( (select @foreignkey), 3, 4, 5 );



insert into mdl_user (firstname, lastname, username, password, email, idnumber)  values ( 'Student10', 'StudentLastName10', 'student10', 'symmetricalSpoon#1', 'student10@cmput401.ca', '9583747' );

insert into mdl_mem_booklet_data (student_id, prof_id, course_id, year_semester_origin, max_pages)  values ( '9583747', 3, '8', '2016 FALL', 5 );

SET @foreignkey=(select last_insert_id());
insert into mdl_mem_mark_stats (booklet_id, total_booklet_score, total_booklet_score_max) values ( (select @foreignkey), 19, 20 );

insert into mdl_mem_pages (booklet_id, page_marks, page_marks_max, page_num) values ( (select @foreignkey), 4, 4, 1 ),  ( (select @foreignkey), 4, 4, 2 ),  ( (select @foreignkey), 4, 4, 3 ),  ( (select @foreignkey), 4, 4, 4 ),  ( (select @foreignkey), 4, 4, 5 );



insert into mdl_user (firstname, lastname, username, password, email, idnumber)  values ( 'Student11', 'StudentLastName11', 'student11', 'symmetricalSpoon#1', 'student11@cmput401.ca', '485734' );

insert into mdl_mem_booklet_data (student_id, prof_id, course_id, year_semester_origin, max_pages)  values ( '485734', 1, '8', '2016 FALL', 5 );

SET @foreignkey=(select last_insert_id());
insert into mdl_mem_mark_stats (booklet_id, total_booklet_score, total_booklet_score_max) values ( (select @foreignkey), 11, 20 );

insert into mdl_mem_pages (booklet_id, page_marks, page_marks_max, page_num) values ( (select @foreignkey), 2, 4, 1 ),  ( (select @foreignkey), 2, 4, 2 ),  ( (select @foreignkey), 2, 4, 3 ),  ( (select @foreignkey), 2, 4, 4 ),  ( (select @foreignkey), 2, 4, 5 );



insert into mdl_user (firstname, lastname, username, password, email, idnumber)  values ( 'Student12', 'StudentLastName12', 'student12', 'symmetricalSpoon#1', 'student12@cmput401.ca', '9635314' );

insert into mdl_mem_booklet_data (student_id, prof_id, course_id, year_semester_origin, max_pages)  values ( '9635314', 1, '8', '2016 FALL', 5 );

SET @foreignkey=(select last_insert_id());
insert into mdl_mem_mark_stats (booklet_id, total_booklet_score, total_booklet_score_max) values ( (select @foreignkey), 8, 20 );

insert into mdl_mem_pages (booklet_id, page_marks, page_marks_max, page_num) values ( (select @foreignkey), 2, 4, 1 ),  ( (select @foreignkey), 2, 4, 2 ),  ( (select @foreignkey), 2, 4, 3 ),  ( (select @foreignkey), 2, 4, 4 ),  ( (select @foreignkey), 2, 4, 5 );



insert into mdl_user (firstname, lastname, username, password, email, idnumber)  values ( 'Student13', 'StudentLastName13', 'student13', 'symmetricalSpoon#1', 'student13@cmput401.ca', '8441818' );

insert into mdl_mem_booklet_data (student_id, prof_id, course_id, year_semester_origin, max_pages)  values ( '8441818', 3, '8', '2016 FALL', 5 );

SET @foreignkey=(select last_insert_id());
insert into mdl_mem_mark_stats (booklet_id, total_booklet_score, total_booklet_score_max) values ( (select @foreignkey), 20, 20 );

insert into mdl_mem_pages (booklet_id, page_marks, page_marks_max, page_num) values ( (select @foreignkey), 5, 4, 1 ),  ( (select @foreignkey), 5, 4, 2 ),  ( (select @foreignkey), 5, 4, 3 ),  ( (select @foreignkey), 5, 4, 4 ),  ( (select @foreignkey), 5, 4, 5 );



insert into mdl_user (firstname, lastname, username, password, email, idnumber)  values ( 'Student14', 'StudentLastName14', 'student14', 'symmetricalSpoon#1', 'student14@cmput401.ca', '4200104' );

insert into mdl_mem_booklet_data (student_id, prof_id, course_id, year_semester_origin, max_pages)  values ( '4200104', 0, '8', '2016 FALL', 5 );

SET @foreignkey=(select last_insert_id());
insert into mdl_mem_mark_stats (booklet_id, total_booklet_score, total_booklet_score_max) values ( (select @foreignkey), 13, 20 );

insert into mdl_mem_pages (booklet_id, page_marks, page_marks_max, page_num) values ( (select @foreignkey), 3, 4, 1 ),  ( (select @foreignkey), 3, 4, 2 ),  ( (select @foreignkey), 3, 4, 3 ),  ( (select @foreignkey), 3, 4, 4 ),  ( (select @foreignkey), 3, 4, 5 );



insert into mdl_user (firstname, lastname, username, password, email, idnumber)  values ( 'Student15', 'StudentLastName15', 'student15', 'symmetricalSpoon#1', 'student15@cmput401.ca', '4016472' );

insert into mdl_mem_booklet_data (student_id, prof_id, course_id, year_semester_origin, max_pages)  values ( '4016472', 3, '8', '2016 FALL', 5 );

SET @foreignkey=(select last_insert_id());
insert into mdl_mem_mark_stats (booklet_id, total_booklet_score, total_booklet_score_max) values ( (select @foreignkey), 0, 20 );

insert into mdl_mem_pages (booklet_id, page_marks, page_marks_max, page_num) values ( (select @foreignkey), 0, 4, 1 ),  ( (select @foreignkey), 0, 4, 2 ),  ( (select @foreignkey), 0, 4, 3 ),  ( (select @foreignkey), 0, 4, 4 ),  ( (select @foreignkey), 0, 4, 5 );



insert into mdl_user (firstname, lastname, username, password, email, idnumber)  values ( 'Student16', 'StudentLastName16', 'student16', 'symmetricalSpoon#1', 'student16@cmput401.ca', '9515128' );

insert into mdl_mem_booklet_data (student_id, prof_id, course_id, year_semester_origin, max_pages)  values ( '9515128', 2, '8', '2016 FALL', 5 );

SET @foreignkey=(select last_insert_id());
insert into mdl_mem_mark_stats (booklet_id, total_booklet_score, total_booklet_score_max) values ( (select @foreignkey), 7, 20 );

insert into mdl_mem_pages (booklet_id, page_marks, page_marks_max, page_num) values ( (select @foreignkey), 1, 4, 1 ),  ( (select @foreignkey), 1, 4, 2 ),  ( (select @foreignkey), 1, 4, 3 ),  ( (select @foreignkey), 1, 4, 4 ),  ( (select @foreignkey), 1, 4, 5 );



insert into mdl_user (firstname, lastname, username, password, email, idnumber)  values ( 'Student17', 'StudentLastName17', 'student17', 'symmetricalSpoon#1', 'student17@cmput401.ca', '311875' );

insert into mdl_mem_booklet_data (student_id, prof_id, course_id, year_semester_origin, max_pages)  values ( '311875', 1, '8', '2016 FALL', 5 );

SET @foreignkey=(select last_insert_id());
insert into mdl_mem_mark_stats (booklet_id, total_booklet_score, total_booklet_score_max) values ( (select @foreignkey), 7, 20 );

insert into mdl_mem_pages (booklet_id, page_marks, page_marks_max, page_num) values ( (select @foreignkey), 1, 4, 1 ),  ( (select @foreignkey), 1, 4, 2 ),  ( (select @foreignkey), 1, 4, 3 ),  ( (select @foreignkey), 1, 4, 4 ),  ( (select @foreignkey), 1, 4, 5 );



insert into mdl_user (firstname, lastname, username, password, email, idnumber)  values ( 'Student18', 'StudentLastName18', 'student18', 'symmetricalSpoon#1', 'student18@cmput401.ca', '3959472' );

insert into mdl_mem_booklet_data (student_id, prof_id, course_id, year_semester_origin, max_pages)  values ( '3959472', 3, '8', '2016 FALL', 5 );

SET @foreignkey=(select last_insert_id());
insert into mdl_mem_mark_stats (booklet_id, total_booklet_score, total_booklet_score_max) values ( (select @foreignkey), 3, 20 );

insert into mdl_mem_pages (booklet_id, page_marks, page_marks_max, page_num) values ( (select @foreignkey), 0, 4, 1 ),  ( (select @foreignkey), 0, 4, 2 ),  ( (select @foreignkey), 0, 4, 3 ),  ( (select @foreignkey), 0, 4, 4 ),  ( (select @foreignkey), 0, 4, 5 );



insert into mdl_user (firstname, lastname, username, password, email, idnumber)  values ( 'Student19', 'StudentLastName19', 'student19', 'symmetricalSpoon#1', 'student19@cmput401.ca', '2090109' );

insert into mdl_mem_booklet_data (student_id, prof_id, course_id, year_semester_origin, max_pages)  values ( '2090109', 3, '8', '2016 FALL', 5 );

SET @foreignkey=(select last_insert_id());
insert into mdl_mem_mark_stats (booklet_id, total_booklet_score, total_booklet_score_max) values ( (select @foreignkey), 2, 20 );

insert into mdl_mem_pages (booklet_id, page_marks, page_marks_max, page_num) values ( (select @foreignkey), 0, 4, 1 ),  ( (select @foreignkey), 0, 4, 2 ),  ( (select @foreignkey), 0, 4, 3 ),  ( (select @foreignkey), 0, 4, 4 ),  ( (select @foreignkey), 0, 4, 5 );



insert into mdl_user (firstname, lastname, username, password, email, idnumber)  values ( 'Student20', 'StudentLastName20', 'student20', 'symmetricalSpoon#1', 'student20@cmput401.ca', '8515404' );

insert into mdl_mem_booklet_data (student_id, prof_id, course_id, year_semester_origin, max_pages)  values ( '8515404', 2, '8', '2016 FALL', 5 );

SET @foreignkey=(select last_insert_id());
insert into mdl_mem_mark_stats (booklet_id, total_booklet_score, total_booklet_score_max) values ( (select @foreignkey), 5, 20 );

insert into mdl_mem_pages (booklet_id, page_marks, page_marks_max, page_num) values ( (select @foreignkey), 1, 4, 1 ),  ( (select @foreignkey), 1, 4, 2 ),  ( (select @foreignkey), 1, 4, 3 ),  ( (select @foreignkey), 1, 4, 4 ),  ( (select @foreignkey), 1, 4, 5 );



insert into mdl_user (firstname, lastname, username, password, email, idnumber)  values ( 'Student21', 'StudentLastName21', 'student21', 'symmetricalSpoon#1', 'student21@cmput401.ca', '8601117' );

insert into mdl_mem_booklet_data (student_id, prof_id, course_id, year_semester_origin, max_pages)  values ( '8601117', 0, '8', '2016 FALL', 5 );

SET @foreignkey=(select last_insert_id());
insert into mdl_mem_mark_stats (booklet_id, total_booklet_score, total_booklet_score_max) values ( (select @foreignkey), 9, 20 );

insert into mdl_mem_pages (booklet_id, page_marks, page_marks_max, page_num) values ( (select @foreignkey), 2, 4, 1 ),  ( (select @foreignkey), 2, 4, 2 ),  ( (select @foreignkey), 2, 4, 3 ),  ( (select @foreignkey), 2, 4, 4 ),  ( (select @foreignkey), 2, 4, 5 );



insert into mdl_user (firstname, lastname, username, password, email, idnumber)  values ( 'Student22', 'StudentLastName22', 'student22', 'symmetricalSpoon#1', 'student22@cmput401.ca', '1236229' );

insert into mdl_mem_booklet_data (student_id, prof_id, course_id, year_semester_origin, max_pages)  values ( '1236229', 0, '8', '2016 FALL', 5 );

SET @foreignkey=(select last_insert_id());
insert into mdl_mem_mark_stats (booklet_id, total_booklet_score, total_booklet_score_max) values ( (select @foreignkey), 19, 20 );

insert into mdl_mem_pages (booklet_id, page_marks, page_marks_max, page_num) values ( (select @foreignkey), 4, 4, 1 ),  ( (select @foreignkey), 4, 4, 2 ),  ( (select @foreignkey), 4, 4, 3 ),  ( (select @foreignkey), 4, 4, 4 ),  ( (select @foreignkey), 4, 4, 5 );



insert into mdl_user (firstname, lastname, username, password, email, idnumber)  values ( 'Student23', 'StudentLastName23', 'student23', 'symmetricalSpoon#1', 'student23@cmput401.ca', '5840983' );

insert into mdl_mem_booklet_data (student_id, prof_id, course_id, year_semester_origin, max_pages)  values ( '5840983', 1, '8', '2016 FALL', 5 );

SET @foreignkey=(select last_insert_id());
insert into mdl_mem_mark_stats (booklet_id, total_booklet_score, total_booklet_score_max) values ( (select @foreignkey), 11, 20 );

insert into mdl_mem_pages (booklet_id, page_marks, page_marks_max, page_num) values ( (select @foreignkey), 2, 4, 1 ),  ( (select @foreignkey), 2, 4, 2 ),  ( (select @foreignkey), 2, 4, 3 ),  ( (select @foreignkey), 2, 4, 4 ),  ( (select @foreignkey), 2, 4, 5 );



insert into mdl_user (firstname, lastname, username, password, email, idnumber)  values ( 'Student24', 'StudentLastName24', 'student24', 'symmetricalSpoon#1', 'student24@cmput401.ca', '7551151' );

insert into mdl_mem_booklet_data (student_id, prof_id, course_id, year_semester_origin, max_pages)  values ( '7551151', 0, '8', '2016 FALL', 5 );

SET @foreignkey=(select last_insert_id());
insert into mdl_mem_mark_stats (booklet_id, total_booklet_score, total_booklet_score_max) values ( (select @foreignkey), 0, 20 );

insert into mdl_mem_pages (booklet_id, page_marks, page_marks_max, page_num) values ( (select @foreignkey), 0, 4, 1 ),  ( (select @foreignkey), 0, 4, 2 ),  ( (select @foreignkey), 0, 4, 3 ),  ( (select @foreignkey), 0, 4, 4 ),  ( (select @foreignkey), 0, 4, 5 );



insert into mdl_user (firstname, lastname, username, password, email, idnumber)  values ( 'Student25', 'StudentLastName25', 'student25', 'symmetricalSpoon#1', 'student25@cmput401.ca', '2736371' );

insert into mdl_mem_booklet_data (student_id, prof_id, course_id, year_semester_origin, max_pages)  values ( '2736371', 0, '8', '2016 FALL', 5 );

SET @foreignkey=(select last_insert_id());
insert into mdl_mem_mark_stats (booklet_id, total_booklet_score, total_booklet_score_max) values ( (select @foreignkey), 3, 20 );

insert into mdl_mem_pages (booklet_id, page_marks, page_marks_max, page_num) values ( (select @foreignkey), 0, 4, 1 ),  ( (select @foreignkey), 0, 4, 2 ),  ( (select @foreignkey), 0, 4, 3 ),  ( (select @foreignkey), 0, 4, 4 ),  ( (select @foreignkey), 0, 4, 5 );



insert into mdl_user (firstname, lastname, username, password, email, idnumber)  values ( 'Student26', 'StudentLastName26', 'student26', 'symmetricalSpoon#1', 'student26@cmput401.ca', '144901' );

insert into mdl_mem_booklet_data (student_id, prof_id, course_id, year_semester_origin, max_pages)  values ( '144901', 0, '8', '2016 FALL', 5 );

SET @foreignkey=(select last_insert_id());
insert into mdl_mem_mark_stats (booklet_id, total_booklet_score, total_booklet_score_max) values ( (select @foreignkey), 9, 20 );

insert into mdl_mem_pages (booklet_id, page_marks, page_marks_max, page_num) values ( (select @foreignkey), 2, 4, 1 ),  ( (select @foreignkey), 2, 4, 2 ),  ( (select @foreignkey), 2, 4, 3 ),  ( (select @foreignkey), 2, 4, 4 ),  ( (select @foreignkey), 2, 4, 5 );



insert into mdl_user (firstname, lastname, username, password, email, idnumber)  values ( 'Student27', 'StudentLastName27', 'student27', 'symmetricalSpoon#1', 'student27@cmput401.ca', '4203298' );

insert into mdl_mem_booklet_data (student_id, prof_id, course_id, year_semester_origin, max_pages)  values ( '4203298', 2, '8', '2016 FALL', 5 );

SET @foreignkey=(select last_insert_id());
insert into mdl_mem_mark_stats (booklet_id, total_booklet_score, total_booklet_score_max) values ( (select @foreignkey), 15, 20 );

insert into mdl_mem_pages (booklet_id, page_marks, page_marks_max, page_num) values ( (select @foreignkey), 3, 4, 1 ),  ( (select @foreignkey), 3, 4, 2 ),  ( (select @foreignkey), 3, 4, 3 ),  ( (select @foreignkey), 3, 4, 4 ),  ( (select @foreignkey), 3, 4, 5 );



insert into mdl_user (firstname, lastname, username, password, email, idnumber)  values ( 'Student28', 'StudentLastName28', 'student28', 'symmetricalSpoon#1', 'student28@cmput401.ca', '6948851' );

insert into mdl_mem_booklet_data (student_id, prof_id, course_id, year_semester_origin, max_pages)  values ( '6948851', 0, '8', '2016 FALL', 5 );

SET @foreignkey=(select last_insert_id());
insert into mdl_mem_mark_stats (booklet_id, total_booklet_score, total_booklet_score_max) values ( (select @foreignkey), 2, 20 );

insert into mdl_mem_pages (booklet_id, page_marks, page_marks_max, page_num) values ( (select @foreignkey), 0, 4, 1 ),  ( (select @foreignkey), 0, 4, 2 ),  ( (select @foreignkey), 0, 4, 3 ),  ( (select @foreignkey), 0, 4, 4 ),  ( (select @foreignkey), 0, 4, 5 );



insert into mdl_user (firstname, lastname, username, password, email, idnumber)  values ( 'Student29', 'StudentLastName29', 'student29', 'symmetricalSpoon#1', 'student29@cmput401.ca', '4978160' );

insert into mdl_mem_booklet_data (student_id, prof_id, course_id, year_semester_origin, max_pages)  values ( '4978160', 0, '8', '2016 FALL', 5 );

SET @foreignkey=(select last_insert_id());
insert into mdl_mem_mark_stats (booklet_id, total_booklet_score, total_booklet_score_max) values ( (select @foreignkey), 13, 20 );

insert into mdl_mem_pages (booklet_id, page_marks, page_marks_max, page_num) values ( (select @foreignkey), 3, 4, 1 ),  ( (select @foreignkey), 3, 4, 2 ),  ( (select @foreignkey), 3, 4, 3 ),  ( (select @foreignkey), 3, 4, 4 ),  ( (select @foreignkey), 3, 4, 5 );



insert into mdl_user (firstname, lastname, username, password, email, idnumber)  values ( 'Student30', 'StudentLastName30', 'student30', 'symmetricalSpoon#1', 'student30@cmput401.ca', '314582' );

insert into mdl_mem_booklet_data (student_id, prof_id, course_id, year_semester_origin, max_pages)  values ( '314582', 3, '8', '2016 FALL', 5 );

SET @foreignkey=(select last_insert_id());
insert into mdl_mem_mark_stats (booklet_id, total_booklet_score, total_booklet_score_max) values ( (select @foreignkey), 5, 20 );

insert into mdl_mem_pages (booklet_id, page_marks, page_marks_max, page_num) values ( (select @foreignkey), 1, 4, 1 ),  ( (select @foreignkey), 1, 4, 2 ),  ( (select @foreignkey), 1, 4, 3 ),  ( (select @foreignkey), 1, 4, 4 ),  ( (select @foreignkey), 1, 4, 5 );



insert into mdl_user (firstname, lastname, username, password, email, idnumber)  values ( 'Student31', 'StudentLastName31', 'student31', 'symmetricalSpoon#1', 'student31@cmput401.ca', '5899120' );

insert into mdl_mem_booklet_data (student_id, prof_id, course_id, year_semester_origin, max_pages)  values ( '5899120', 0, '8', '2016 FALL', 5 );

SET @foreignkey=(select last_insert_id());
insert into mdl_mem_mark_stats (booklet_id, total_booklet_score, total_booklet_score_max) values ( (select @foreignkey), 6, 20 );

insert into mdl_mem_pages (booklet_id, page_marks, page_marks_max, page_num) values ( (select @foreignkey), 1, 4, 1 ),  ( (select @foreignkey), 1, 4, 2 ),  ( (select @foreignkey), 1, 4, 3 ),  ( (select @foreignkey), 1, 4, 4 ),  ( (select @foreignkey), 1, 4, 5 );



insert into mdl_user (firstname, lastname, username, password, email, idnumber)  values ( 'Student32', 'StudentLastName32', 'student32', 'symmetricalSpoon#1', 'student32@cmput401.ca', '7385583' );

insert into mdl_mem_booklet_data (student_id, prof_id, course_id, year_semester_origin, max_pages)  values ( '7385583', 2, '8', '2016 FALL', 5 );

SET @foreignkey=(select last_insert_id());
insert into mdl_mem_mark_stats (booklet_id, total_booklet_score, total_booklet_score_max) values ( (select @foreignkey), 1, 20 );

insert into mdl_mem_pages (booklet_id, page_marks, page_marks_max, page_num) values ( (select @foreignkey), 0, 4, 1 ),  ( (select @foreignkey), 0, 4, 2 ),  ( (select @foreignkey), 0, 4, 3 ),  ( (select @foreignkey), 0, 4, 4 ),  ( (select @foreignkey), 0, 4, 5 );



insert into mdl_user (firstname, lastname, username, password, email, idnumber)  values ( 'Student33', 'StudentLastName33', 'student33', 'symmetricalSpoon#1', 'student33@cmput401.ca', '8574692' );

insert into mdl_mem_booklet_data (student_id, prof_id, course_id, year_semester_origin, max_pages)  values ( '8574692', 3, '8', '2016 FALL', 5 );

SET @foreignkey=(select last_insert_id());
insert into mdl_mem_mark_stats (booklet_id, total_booklet_score, total_booklet_score_max) values ( (select @foreignkey), 20, 20 );

insert into mdl_mem_pages (booklet_id, page_marks, page_marks_max, page_num) values ( (select @foreignkey), 5, 4, 1 ),  ( (select @foreignkey), 5, 4, 2 ),  ( (select @foreignkey), 5, 4, 3 ),  ( (select @foreignkey), 5, 4, 4 ),  ( (select @foreignkey), 5, 4, 5 );



insert into mdl_user (firstname, lastname, username, password, email, idnumber)  values ( 'Student34', 'StudentLastName34', 'student34', 'symmetricalSpoon#1', 'student34@cmput401.ca', '7181638' );

insert into mdl_mem_booklet_data (student_id, prof_id, course_id, year_semester_origin, max_pages)  values ( '7181638', 0, '8', '2016 FALL', 5 );

SET @foreignkey=(select last_insert_id());
insert into mdl_mem_mark_stats (booklet_id, total_booklet_score, total_booklet_score_max) values ( (select @foreignkey), 0, 20 );

insert into mdl_mem_pages (booklet_id, page_marks, page_marks_max, page_num) values ( (select @foreignkey), 0, 4, 1 ),  ( (select @foreignkey), 0, 4, 2 ),  ( (select @foreignkey), 0, 4, 3 ),  ( (select @foreignkey), 0, 4, 4 ),  ( (select @foreignkey), 0, 4, 5 );



insert into mdl_user (firstname, lastname, username, password, email, idnumber)  values ( 'Student35', 'StudentLastName35', 'student35', 'symmetricalSpoon#1', 'student35@cmput401.ca', '6379424' );

insert into mdl_mem_booklet_data (student_id, prof_id, course_id, year_semester_origin, max_pages)  values ( '6379424', 0, '8', '2016 FALL', 5 );

SET @foreignkey=(select last_insert_id());
insert into mdl_mem_mark_stats (booklet_id, total_booklet_score, total_booklet_score_max) values ( (select @foreignkey), 6, 20 );

insert into mdl_mem_pages (booklet_id, page_marks, page_marks_max, page_num) values ( (select @foreignkey), 1, 4, 1 ),  ( (select @foreignkey), 1, 4, 2 ),  ( (select @foreignkey), 1, 4, 3 ),  ( (select @foreignkey), 1, 4, 4 ),  ( (select @foreignkey), 1, 4, 5 );



insert into mdl_user (firstname, lastname, username, password, email, idnumber)  values ( 'Student36', 'StudentLastName36', 'student36', 'symmetricalSpoon#1', 'student36@cmput401.ca', '494074' );

insert into mdl_mem_booklet_data (student_id, prof_id, course_id, year_semester_origin, max_pages)  values ( '494074', 3, '8', '2016 FALL', 5 );

SET @foreignkey=(select last_insert_id());
insert into mdl_mem_mark_stats (booklet_id, total_booklet_score, total_booklet_score_max) values ( (select @foreignkey), 15, 20 );

insert into mdl_mem_pages (booklet_id, page_marks, page_marks_max, page_num) values ( (select @foreignkey), 3, 4, 1 ),  ( (select @foreignkey), 3, 4, 2 ),  ( (select @foreignkey), 3, 4, 3 ),  ( (select @foreignkey), 3, 4, 4 ),  ( (select @foreignkey), 3, 4, 5 );



insert into mdl_user (firstname, lastname, username, password, email, idnumber)  values ( 'Student37', 'StudentLastName37', 'student37', 'symmetricalSpoon#1', 'student37@cmput401.ca', '9834368' );

insert into mdl_mem_booklet_data (student_id, prof_id, course_id, year_semester_origin, max_pages)  values ( '9834368', 3, '8', '2016 FALL', 5 );

SET @foreignkey=(select last_insert_id());
insert into mdl_mem_mark_stats (booklet_id, total_booklet_score, total_booklet_score_max) values ( (select @foreignkey), 8, 20 );

insert into mdl_mem_pages (booklet_id, page_marks, page_marks_max, page_num) values ( (select @foreignkey), 2, 4, 1 ),  ( (select @foreignkey), 2, 4, 2 ),  ( (select @foreignkey), 2, 4, 3 ),  ( (select @foreignkey), 2, 4, 4 ),  ( (select @foreignkey), 2, 4, 5 );



insert into mdl_user (firstname, lastname, username, password, email, idnumber)  values ( 'Student38', 'StudentLastName38', 'student38', 'symmetricalSpoon#1', 'student38@cmput401.ca', '6826756' );

insert into mdl_mem_booklet_data (student_id, prof_id, course_id, year_semester_origin, max_pages)  values ( '6826756', 0, '8', '2016 FALL', 5 );

SET @foreignkey=(select last_insert_id());
insert into mdl_mem_mark_stats (booklet_id, total_booklet_score, total_booklet_score_max) values ( (select @foreignkey), 19, 20 );

insert into mdl_mem_pages (booklet_id, page_marks, page_marks_max, page_num) values ( (select @foreignkey), 4, 4, 1 ),  ( (select @foreignkey), 4, 4, 2 ),  ( (select @foreignkey), 4, 4, 3 ),  ( (select @foreignkey), 4, 4, 4 ),  ( (select @foreignkey), 4, 4, 5 );



insert into mdl_user (firstname, lastname, username, password, email, idnumber)  values ( 'Student39', 'StudentLastName39', 'student39', 'symmetricalSpoon#1', 'student39@cmput401.ca', '2864909' );

insert into mdl_mem_booklet_data (student_id, prof_id, course_id, year_semester_origin, max_pages)  values ( '2864909', 1, '8', '2016 FALL', 5 );

SET @foreignkey=(select last_insert_id());
insert into mdl_mem_mark_stats (booklet_id, total_booklet_score, total_booklet_score_max) values ( (select @foreignkey), 11, 20 );

insert into mdl_mem_pages (booklet_id, page_marks, page_marks_max, page_num) values ( (select @foreignkey), 2, 4, 1 ),  ( (select @foreignkey), 2, 4, 2 ),  ( (select @foreignkey), 2, 4, 3 ),  ( (select @foreignkey), 2, 4, 4 ),  ( (select @foreignkey), 2, 4, 5 );



insert into mdl_user (firstname, lastname, username, password, email, idnumber)  values ( 'Student40', 'StudentLastName40', 'student40', 'symmetricalSpoon#1', 'student40@cmput401.ca', '350031' );

insert into mdl_mem_booklet_data (student_id, prof_id, course_id, year_semester_origin, max_pages)  values ( '350031', 3, '8', '2016 FALL', 5 );

SET @foreignkey=(select last_insert_id());
insert into mdl_mem_mark_stats (booklet_id, total_booklet_score, total_booklet_score_max) values ( (select @foreignkey), 5, 20 );

insert into mdl_mem_pages (booklet_id, page_marks, page_marks_max, page_num) values ( (select @foreignkey), 1, 4, 1 ),  ( (select @foreignkey), 1, 4, 2 ),  ( (select @foreignkey), 1, 4, 3 ),  ( (select @foreignkey), 1, 4, 4 ),  ( (select @foreignkey), 1, 4, 5 );



insert into mdl_user (firstname, lastname, username, password, email, idnumber)  values ( 'Student41', 'StudentLastName41', 'student41', 'symmetricalSpoon#1', 'student41@cmput401.ca', '251598' );

insert into mdl_mem_booklet_data (student_id, prof_id, course_id, year_semester_origin, max_pages)  values ( '251598', 2, '8', '2016 FALL', 5 );

SET @foreignkey=(select last_insert_id());
insert into mdl_mem_mark_stats (booklet_id, total_booklet_score, total_booklet_score_max) values ( (select @foreignkey), 5, 20 );

insert into mdl_mem_pages (booklet_id, page_marks, page_marks_max, page_num) values ( (select @foreignkey), 1, 4, 1 ),  ( (select @foreignkey), 1, 4, 2 ),  ( (select @foreignkey), 1, 4, 3 ),  ( (select @foreignkey), 1, 4, 4 ),  ( (select @foreignkey), 1, 4, 5 );



insert into mdl_user (firstname, lastname, username, password, email, idnumber)  values ( 'Student42', 'StudentLastName42', 'student42', 'symmetricalSpoon#1', 'student42@cmput401.ca', '8395152' );

insert into mdl_mem_booklet_data (student_id, prof_id, course_id, year_semester_origin, max_pages)  values ( '8395152', 1, '8', '2016 FALL', 5 );

SET @foreignkey=(select last_insert_id());
insert into mdl_mem_mark_stats (booklet_id, total_booklet_score, total_booklet_score_max) values ( (select @foreignkey), 6, 20 );

insert into mdl_mem_pages (booklet_id, page_marks, page_marks_max, page_num) values ( (select @foreignkey), 1, 4, 1 ),  ( (select @foreignkey), 1, 4, 2 ),  ( (select @foreignkey), 1, 4, 3 ),  ( (select @foreignkey), 1, 4, 4 ),  ( (select @foreignkey), 1, 4, 5 );



insert into mdl_user (firstname, lastname, username, password, email, idnumber)  values ( 'Student43', 'StudentLastName43', 'student43', 'symmetricalSpoon#1', 'student43@cmput401.ca', '1231637' );

insert into mdl_mem_booklet_data (student_id, prof_id, course_id, year_semester_origin, max_pages)  values ( '1231637', 2, '8', '2016 FALL', 5 );

SET @foreignkey=(select last_insert_id());
insert into mdl_mem_mark_stats (booklet_id, total_booklet_score, total_booklet_score_max) values ( (select @foreignkey), 13, 20 );

insert into mdl_mem_pages (booklet_id, page_marks, page_marks_max, page_num) values ( (select @foreignkey), 3, 4, 1 ),  ( (select @foreignkey), 3, 4, 2 ),  ( (select @foreignkey), 3, 4, 3 ),  ( (select @foreignkey), 3, 4, 4 ),  ( (select @foreignkey), 3, 4, 5 );



insert into mdl_user (firstname, lastname, username, password, email, idnumber)  values ( 'Student44', 'StudentLastName44', 'student44', 'symmetricalSpoon#1', 'student44@cmput401.ca', '2522141' );

insert into mdl_mem_booklet_data (student_id, prof_id, course_id, year_semester_origin, max_pages)  values ( '2522141', 0, '8', '2016 FALL', 5 );

SET @foreignkey=(select last_insert_id());
insert into mdl_mem_mark_stats (booklet_id, total_booklet_score, total_booklet_score_max) values ( (select @foreignkey), 18, 20 );

insert into mdl_mem_pages (booklet_id, page_marks, page_marks_max, page_num) values ( (select @foreignkey), 4, 4, 1 ),  ( (select @foreignkey), 4, 4, 2 ),  ( (select @foreignkey), 4, 4, 3 ),  ( (select @foreignkey), 4, 4, 4 ),  ( (select @foreignkey), 4, 4, 5 );



insert into mdl_user (firstname, lastname, username, password, email, idnumber)  values ( 'Student45', 'StudentLastName45', 'student45', 'symmetricalSpoon#1', 'student45@cmput401.ca', '6560820' );

insert into mdl_mem_booklet_data (student_id, prof_id, course_id, year_semester_origin, max_pages)  values ( '6560820', 2, '8', '2016 FALL', 5 );

SET @foreignkey=(select last_insert_id());
insert into mdl_mem_mark_stats (booklet_id, total_booklet_score, total_booklet_score_max) values ( (select @foreignkey), 16, 20 );

insert into mdl_mem_pages (booklet_id, page_marks, page_marks_max, page_num) values ( (select @foreignkey), 4, 4, 1 ),  ( (select @foreignkey), 4, 4, 2 ),  ( (select @foreignkey), 4, 4, 3 ),  ( (select @foreignkey), 4, 4, 4 ),  ( (select @foreignkey), 4, 4, 5 );



insert into mdl_user (firstname, lastname, username, password, email, idnumber)  values ( 'Student46', 'StudentLastName46', 'student46', 'symmetricalSpoon#1', 'student46@cmput401.ca', '6577714' );

insert into mdl_mem_booklet_data (student_id, prof_id, course_id, year_semester_origin, max_pages)  values ( '6577714', 1, '8', '2016 FALL', 5 );

SET @foreignkey=(select last_insert_id());
insert into mdl_mem_mark_stats (booklet_id, total_booklet_score, total_booklet_score_max) values ( (select @foreignkey), 7, 20 );

insert into mdl_mem_pages (booklet_id, page_marks, page_marks_max, page_num) values ( (select @foreignkey), 1, 4, 1 ),  ( (select @foreignkey), 1, 4, 2 ),  ( (select @foreignkey), 1, 4, 3 ),  ( (select @foreignkey), 1, 4, 4 ),  ( (select @foreignkey), 1, 4, 5 );



insert into mdl_user (firstname, lastname, username, password, email, idnumber)  values ( 'Student47', 'StudentLastName47', 'student47', 'symmetricalSpoon#1', 'student47@cmput401.ca', '8091782' );

insert into mdl_mem_booklet_data (student_id, prof_id, course_id, year_semester_origin, max_pages)  values ( '8091782', 2, '8', '2016 FALL', 5 );

SET @foreignkey=(select last_insert_id());
insert into mdl_mem_mark_stats (booklet_id, total_booklet_score, total_booklet_score_max) values ( (select @foreignkey), 12, 20 );

insert into mdl_mem_pages (booklet_id, page_marks, page_marks_max, page_num) values ( (select @foreignkey), 3, 4, 1 ),  ( (select @foreignkey), 3, 4, 2 ),  ( (select @foreignkey), 3, 4, 3 ),  ( (select @foreignkey), 3, 4, 4 ),  ( (select @foreignkey), 3, 4, 5 );



insert into mdl_user (firstname, lastname, username, password, email, idnumber)  values ( 'Student48', 'StudentLastName48', 'student48', 'symmetricalSpoon#1', 'student48@cmput401.ca', '1040813' );

insert into mdl_mem_booklet_data (student_id, prof_id, course_id, year_semester_origin, max_pages)  values ( '1040813', 1, '8', '2016 FALL', 5 );

SET @foreignkey=(select last_insert_id());
insert into mdl_mem_mark_stats (booklet_id, total_booklet_score, total_booklet_score_max) values ( (select @foreignkey), 1, 20 );

insert into mdl_mem_pages (booklet_id, page_marks, page_marks_max, page_num) values ( (select @foreignkey), 0, 4, 1 ),  ( (select @foreignkey), 0, 4, 2 ),  ( (select @foreignkey), 0, 4, 3 ),  ( (select @foreignkey), 0, 4, 4 ),  ( (select @foreignkey), 0, 4, 5 );



insert into mdl_user (firstname, lastname, username, password, email, idnumber)  values ( 'Student49', 'StudentLastName49', 'student49', 'symmetricalSpoon#1', 'student49@cmput401.ca', '5958527' );

insert into mdl_mem_booklet_data (student_id, prof_id, course_id, year_semester_origin, max_pages)  values ( '5958527', 3, '8', '2016 FALL', 5 );

SET @foreignkey=(select last_insert_id());
insert into mdl_mem_mark_stats (booklet_id, total_booklet_score, total_booklet_score_max) values ( (select @foreignkey), 7, 20 );

insert into mdl_mem_pages (booklet_id, page_marks, page_marks_max, page_num) values ( (select @foreignkey), 1, 4, 1 ),  ( (select @foreignkey), 1, 4, 2 ),  ( (select @foreignkey), 1, 4, 3 ),  ( (select @foreignkey), 1, 4, 4 ),  ( (select @foreignkey), 1, 4, 5 );



insert into mdl_user (firstname, lastname, username, password, email, idnumber)  values ( 'Student50', 'StudentLastName50', 'student50', 'symmetricalSpoon#1', 'student50@cmput401.ca', '1837905' );

insert into mdl_mem_booklet_data (student_id, prof_id, course_id, year_semester_origin, max_pages)  values ( '1837905', 0, '8', '2016 FALL', 5 );

SET @foreignkey=(select last_insert_id());
insert into mdl_mem_mark_stats (booklet_id, total_booklet_score, total_booklet_score_max) values ( (select @foreignkey), 13, 20 );

insert into mdl_mem_pages (booklet_id, page_marks, page_marks_max, page_num) values ( (select @foreignkey), 3, 4, 1 ),  ( (select @foreignkey), 3, 4, 2 ),  ( (select @foreignkey), 3, 4, 3 ),  ( (select @foreignkey), 3, 4, 4 ),  ( (select @foreignkey), 3, 4, 5 );



insert into mdl_user (firstname, lastname, username, password, email, idnumber)  values ( 'Student51', 'StudentLastName51', 'student51', 'symmetricalSpoon#1', 'student51@cmput401.ca', '5427161' );

insert into mdl_mem_booklet_data (student_id, prof_id, course_id, year_semester_origin, max_pages)  values ( '5427161', 2, '8', '2016 FALL', 5 );

SET @foreignkey=(select last_insert_id());
insert into mdl_mem_mark_stats (booklet_id, total_booklet_score, total_booklet_score_max) values ( (select @foreignkey), 6, 20 );

insert into mdl_mem_pages (booklet_id, page_marks, page_marks_max, page_num) values ( (select @foreignkey), 1, 4, 1 ),  ( (select @foreignkey), 1, 4, 2 ),  ( (select @foreignkey), 1, 4, 3 ),  ( (select @foreignkey), 1, 4, 4 ),  ( (select @foreignkey), 1, 4, 5 );



insert into mdl_user (firstname, lastname, username, password, email, idnumber)  values ( 'Student52', 'StudentLastName52', 'student52', 'symmetricalSpoon#1', 'student52@cmput401.ca', '965797' );

insert into mdl_mem_booklet_data (student_id, prof_id, course_id, year_semester_origin, max_pages)  values ( '965797', 1, '8', '2016 FALL', 5 );

SET @foreignkey=(select last_insert_id());
insert into mdl_mem_mark_stats (booklet_id, total_booklet_score, total_booklet_score_max) values ( (select @foreignkey), 18, 20 );

insert into mdl_mem_pages (booklet_id, page_marks, page_marks_max, page_num) values ( (select @foreignkey), 4, 4, 1 ),  ( (select @foreignkey), 4, 4, 2 ),  ( (select @foreignkey), 4, 4, 3 ),  ( (select @foreignkey), 4, 4, 4 ),  ( (select @foreignkey), 4, 4, 5 );



insert into mdl_user (firstname, lastname, username, password, email, idnumber)  values ( 'Student53', 'StudentLastName53', 'student53', 'symmetricalSpoon#1', 'student53@cmput401.ca', '3915551' );

insert into mdl_mem_booklet_data (student_id, prof_id, course_id, year_semester_origin, max_pages)  values ( '3915551', 2, '8', '2016 FALL', 5 );

SET @foreignkey=(select last_insert_id());
insert into mdl_mem_mark_stats (booklet_id, total_booklet_score, total_booklet_score_max) values ( (select @foreignkey), 7, 20 );

insert into mdl_mem_pages (booklet_id, page_marks, page_marks_max, page_num) values ( (select @foreignkey), 1, 4, 1 ),  ( (select @foreignkey), 1, 4, 2 ),  ( (select @foreignkey), 1, 4, 3 ),  ( (select @foreignkey), 1, 4, 4 ),  ( (select @foreignkey), 1, 4, 5 );



insert into mdl_user (firstname, lastname, username, password, email, idnumber)  values ( 'Student54', 'StudentLastName54', 'student54', 'symmetricalSpoon#1', 'student54@cmput401.ca', '8285414' );

insert into mdl_mem_booklet_data (student_id, prof_id, course_id, year_semester_origin, max_pages)  values ( '8285414', 2, '8', '2016 FALL', 5 );

SET @foreignkey=(select last_insert_id());
insert into mdl_mem_mark_stats (booklet_id, total_booklet_score, total_booklet_score_max) values ( (select @foreignkey), 3, 20 );

insert into mdl_mem_pages (booklet_id, page_marks, page_marks_max, page_num) values ( (select @foreignkey), 0, 4, 1 ),  ( (select @foreignkey), 0, 4, 2 ),  ( (select @foreignkey), 0, 4, 3 ),  ( (select @foreignkey), 0, 4, 4 ),  ( (select @foreignkey), 0, 4, 5 );



insert into mdl_user (firstname, lastname, username, password, email, idnumber)  values ( 'Student55', 'StudentLastName55', 'student55', 'symmetricalSpoon#1', 'student55@cmput401.ca', '9588240' );

insert into mdl_mem_booklet_data (student_id, prof_id, course_id, year_semester_origin, max_pages)  values ( '9588240', 1, '8', '2016 FALL', 5 );

SET @foreignkey=(select last_insert_id());
insert into mdl_mem_mark_stats (booklet_id, total_booklet_score, total_booklet_score_max) values ( (select @foreignkey), 0, 20 );

insert into mdl_mem_pages (booklet_id, page_marks, page_marks_max, page_num) values ( (select @foreignkey), 0, 4, 1 ),  ( (select @foreignkey), 0, 4, 2 ),  ( (select @foreignkey), 0, 4, 3 ),  ( (select @foreignkey), 0, 4, 4 ),  ( (select @foreignkey), 0, 4, 5 );



insert into mdl_user (firstname, lastname, username, password, email, idnumber)  values ( 'Student56', 'StudentLastName56', 'student56', 'symmetricalSpoon#1', 'student56@cmput401.ca', '1525206' );

insert into mdl_mem_booklet_data (student_id, prof_id, course_id, year_semester_origin, max_pages)  values ( '1525206', 3, '8', '2016 FALL', 5 );

SET @foreignkey=(select last_insert_id());
insert into mdl_mem_mark_stats (booklet_id, total_booklet_score, total_booklet_score_max) values ( (select @foreignkey), 14, 20 );

insert into mdl_mem_pages (booklet_id, page_marks, page_marks_max, page_num) values ( (select @foreignkey), 3, 4, 1 ),  ( (select @foreignkey), 3, 4, 2 ),  ( (select @foreignkey), 3, 4, 3 ),  ( (select @foreignkey), 3, 4, 4 ),  ( (select @foreignkey), 3, 4, 5 );



insert into mdl_user (firstname, lastname, username, password, email, idnumber)  values ( 'Student57', 'StudentLastName57', 'student57', 'symmetricalSpoon#1', 'student57@cmput401.ca', '6818555' );

insert into mdl_mem_booklet_data (student_id, prof_id, course_id, year_semester_origin, max_pages)  values ( '6818555', 2, '8', '2016 FALL', 5 );

SET @foreignkey=(select last_insert_id());
insert into mdl_mem_mark_stats (booklet_id, total_booklet_score, total_booklet_score_max) values ( (select @foreignkey), 13, 20 );

insert into mdl_mem_pages (booklet_id, page_marks, page_marks_max, page_num) values ( (select @foreignkey), 3, 4, 1 ),  ( (select @foreignkey), 3, 4, 2 ),  ( (select @foreignkey), 3, 4, 3 ),  ( (select @foreignkey), 3, 4, 4 ),  ( (select @foreignkey), 3, 4, 5 );



insert into mdl_user (firstname, lastname, username, password, email, idnumber)  values ( 'Student58', 'StudentLastName58', 'student58', 'symmetricalSpoon#1', 'student58@cmput401.ca', '6192157' );

insert into mdl_mem_booklet_data (student_id, prof_id, course_id, year_semester_origin, max_pages)  values ( '6192157', 3, '8', '2016 FALL', 5 );

SET @foreignkey=(select last_insert_id());
insert into mdl_mem_mark_stats (booklet_id, total_booklet_score, total_booklet_score_max) values ( (select @foreignkey), 20, 20 );

insert into mdl_mem_pages (booklet_id, page_marks, page_marks_max, page_num) values ( (select @foreignkey), 5, 4, 1 ),  ( (select @foreignkey), 5, 4, 2 ),  ( (select @foreignkey), 5, 4, 3 ),  ( (select @foreignkey), 5, 4, 4 ),  ( (select @foreignkey), 5, 4, 5 );



insert into mdl_user (firstname, lastname, username, password, email, idnumber)  values ( 'Student59', 'StudentLastName59', 'student59', 'symmetricalSpoon#1', 'student59@cmput401.ca', '9139580' );

insert into mdl_mem_booklet_data (student_id, prof_id, course_id, year_semester_origin, max_pages)  values ( '9139580', 3, '8', '2016 FALL', 5 );

SET @foreignkey=(select last_insert_id());
insert into mdl_mem_mark_stats (booklet_id, total_booklet_score, total_booklet_score_max) values ( (select @foreignkey), 0, 20 );

insert into mdl_mem_pages (booklet_id, page_marks, page_marks_max, page_num) values ( (select @foreignkey), 0, 4, 1 ),  ( (select @foreignkey), 0, 4, 2 ),  ( (select @foreignkey), 0, 4, 3 ),  ( (select @foreignkey), 0, 4, 4 ),  ( (select @foreignkey), 0, 4, 5 );



insert into mdl_user (firstname, lastname, username, password, email, idnumber)  values ( 'Student60', 'StudentLastName60', 'student60', 'symmetricalSpoon#1', 'student60@cmput401.ca', '1542081' );

insert into mdl_mem_booklet_data (student_id, prof_id, course_id, year_semester_origin, max_pages)  values ( '1542081', 0, '8', '2016 FALL', 5 );

SET @foreignkey=(select last_insert_id());
insert into mdl_mem_mark_stats (booklet_id, total_booklet_score, total_booklet_score_max) values ( (select @foreignkey), 10, 20 );

insert into mdl_mem_pages (booklet_id, page_marks, page_marks_max, page_num) values ( (select @foreignkey), 2, 4, 1 ),  ( (select @foreignkey), 2, 4, 2 ),  ( (select @foreignkey), 2, 4, 3 ),  ( (select @foreignkey), 2, 4, 4 ),  ( (select @foreignkey), 2, 4, 5 );



insert into mdl_user (firstname, lastname, username, password, email, idnumber)  values ( 'Student61', 'StudentLastName61', 'student61', 'symmetricalSpoon#1', 'student61@cmput401.ca', '4233355' );

insert into mdl_mem_booklet_data (student_id, prof_id, course_id, year_semester_origin, max_pages)  values ( '4233355', 1, '8', '2016 FALL', 5 );

SET @foreignkey=(select last_insert_id());
insert into mdl_mem_mark_stats (booklet_id, total_booklet_score, total_booklet_score_max) values ( (select @foreignkey), 15, 20 );

insert into mdl_mem_pages (booklet_id, page_marks, page_marks_max, page_num) values ( (select @foreignkey), 3, 4, 1 ),  ( (select @foreignkey), 3, 4, 2 ),  ( (select @foreignkey), 3, 4, 3 ),  ( (select @foreignkey), 3, 4, 4 ),  ( (select @foreignkey), 3, 4, 5 );



insert into mdl_user (firstname, lastname, username, password, email, idnumber)  values ( 'Student62', 'StudentLastName62', 'student62', 'symmetricalSpoon#1', 'student62@cmput401.ca', '1134228' );

insert into mdl_mem_booklet_data (student_id, prof_id, course_id, year_semester_origin, max_pages)  values ( '1134228', 1, '8', '2016 FALL', 5 );

SET @foreignkey=(select last_insert_id());
insert into mdl_mem_mark_stats (booklet_id, total_booklet_score, total_booklet_score_max) values ( (select @foreignkey), 17, 20 );

insert into mdl_mem_pages (booklet_id, page_marks, page_marks_max, page_num) values ( (select @foreignkey), 4, 4, 1 ),  ( (select @foreignkey), 4, 4, 2 ),  ( (select @foreignkey), 4, 4, 3 ),  ( (select @foreignkey), 4, 4, 4 ),  ( (select @foreignkey), 4, 4, 5 );



insert into mdl_user (firstname, lastname, username, password, email, idnumber)  values ( 'Student63', 'StudentLastName63', 'student63', 'symmetricalSpoon#1', 'student63@cmput401.ca', '734175' );

insert into mdl_mem_booklet_data (student_id, prof_id, course_id, year_semester_origin, max_pages)  values ( '734175', 2, '8', '2016 FALL', 5 );

SET @foreignkey=(select last_insert_id());
insert into mdl_mem_mark_stats (booklet_id, total_booklet_score, total_booklet_score_max) values ( (select @foreignkey), 8, 20 );

insert into mdl_mem_pages (booklet_id, page_marks, page_marks_max, page_num) values ( (select @foreignkey), 2, 4, 1 ),  ( (select @foreignkey), 2, 4, 2 ),  ( (select @foreignkey), 2, 4, 3 ),  ( (select @foreignkey), 2, 4, 4 ),  ( (select @foreignkey), 2, 4, 5 );



insert into mdl_user (firstname, lastname, username, password, email, idnumber)  values ( 'Student64', 'StudentLastName64', 'student64', 'symmetricalSpoon#1', 'student64@cmput401.ca', '7443103' );

insert into mdl_mem_booklet_data (student_id, prof_id, course_id, year_semester_origin, max_pages)  values ( '7443103', 0, '8', '2016 FALL', 5 );

SET @foreignkey=(select last_insert_id());
insert into mdl_mem_mark_stats (booklet_id, total_booklet_score, total_booklet_score_max) values ( (select @foreignkey), 19, 20 );

insert into mdl_mem_pages (booklet_id, page_marks, page_marks_max, page_num) values ( (select @foreignkey), 4, 4, 1 ),  ( (select @foreignkey), 4, 4, 2 ),  ( (select @foreignkey), 4, 4, 3 ),  ( (select @foreignkey), 4, 4, 4 ),  ( (select @foreignkey), 4, 4, 5 );



insert into mdl_user (firstname, lastname, username, password, email, idnumber)  values ( 'Student65', 'StudentLastName65', 'student65', 'symmetricalSpoon#1', 'student65@cmput401.ca', '750933' );

insert into mdl_mem_booklet_data (student_id, prof_id, course_id, year_semester_origin, max_pages)  values ( '750933', 0, '8', '2016 FALL', 5 );

SET @foreignkey=(select last_insert_id());
insert into mdl_mem_mark_stats (booklet_id, total_booklet_score, total_booklet_score_max) values ( (select @foreignkey), 9, 20 );

insert into mdl_mem_pages (booklet_id, page_marks, page_marks_max, page_num) values ( (select @foreignkey), 2, 4, 1 ),  ( (select @foreignkey), 2, 4, 2 ),  ( (select @foreignkey), 2, 4, 3 ),  ( (select @foreignkey), 2, 4, 4 ),  ( (select @foreignkey), 2, 4, 5 );



insert into mdl_user (firstname, lastname, username, password, email, idnumber)  values ( 'Student66', 'StudentLastName66', 'student66', 'symmetricalSpoon#1', 'student66@cmput401.ca', '1263084' );

insert into mdl_mem_booklet_data (student_id, prof_id, course_id, year_semester_origin, max_pages)  values ( '1263084', 3, '8', '2016 FALL', 5 );

SET @foreignkey=(select last_insert_id());
insert into mdl_mem_mark_stats (booklet_id, total_booklet_score, total_booklet_score_max) values ( (select @foreignkey), 5, 20 );

insert into mdl_mem_pages (booklet_id, page_marks, page_marks_max, page_num) values ( (select @foreignkey), 1, 4, 1 ),  ( (select @foreignkey), 1, 4, 2 ),  ( (select @foreignkey), 1, 4, 3 ),  ( (select @foreignkey), 1, 4, 4 ),  ( (select @foreignkey), 1, 4, 5 );



insert into mdl_user (firstname, lastname, username, password, email, idnumber)  values ( 'Student67', 'StudentLastName67', 'student67', 'symmetricalSpoon#1', 'student67@cmput401.ca', '7042939' );

insert into mdl_mem_booklet_data (student_id, prof_id, course_id, year_semester_origin, max_pages)  values ( '7042939', 3, '8', '2016 FALL', 5 );

SET @foreignkey=(select last_insert_id());
insert into mdl_mem_mark_stats (booklet_id, total_booklet_score, total_booklet_score_max) values ( (select @foreignkey), 6, 20 );

insert into mdl_mem_pages (booklet_id, page_marks, page_marks_max, page_num) values ( (select @foreignkey), 1, 4, 1 ),  ( (select @foreignkey), 1, 4, 2 ),  ( (select @foreignkey), 1, 4, 3 ),  ( (select @foreignkey), 1, 4, 4 ),  ( (select @foreignkey), 1, 4, 5 );



insert into mdl_user (firstname, lastname, username, password, email, idnumber)  values ( 'Student68', 'StudentLastName68', 'student68', 'symmetricalSpoon#1', 'student68@cmput401.ca', '2761551' );

insert into mdl_mem_booklet_data (student_id, prof_id, course_id, year_semester_origin, max_pages)  values ( '2761551', 2, '8', '2016 FALL', 5 );

SET @foreignkey=(select last_insert_id());
insert into mdl_mem_mark_stats (booklet_id, total_booklet_score, total_booklet_score_max) values ( (select @foreignkey), 1, 20 );

insert into mdl_mem_pages (booklet_id, page_marks, page_marks_max, page_num) values ( (select @foreignkey), 0, 4, 1 ),  ( (select @foreignkey), 0, 4, 2 ),  ( (select @foreignkey), 0, 4, 3 ),  ( (select @foreignkey), 0, 4, 4 ),  ( (select @foreignkey), 0, 4, 5 );



insert into mdl_user (firstname, lastname, username, password, email, idnumber)  values ( 'Student69', 'StudentLastName69', 'student69', 'symmetricalSpoon#1', 'student69@cmput401.ca', '5339311' );

insert into mdl_mem_booklet_data (student_id, prof_id, course_id, year_semester_origin, max_pages)  values ( '5339311', 0, '8', '2016 FALL', 5 );

SET @foreignkey=(select last_insert_id());
insert into mdl_mem_mark_stats (booklet_id, total_booklet_score, total_booklet_score_max) values ( (select @foreignkey), 19, 20 );

insert into mdl_mem_pages (booklet_id, page_marks, page_marks_max, page_num) values ( (select @foreignkey), 4, 4, 1 ),  ( (select @foreignkey), 4, 4, 2 ),  ( (select @foreignkey), 4, 4, 3 ),  ( (select @foreignkey), 4, 4, 4 ),  ( (select @foreignkey), 4, 4, 5 );



insert into mdl_user (firstname, lastname, username, password, email, idnumber)  values ( 'Student70', 'StudentLastName70', 'student70', 'symmetricalSpoon#1', 'student70@cmput401.ca', '3618022' );

insert into mdl_mem_booklet_data (student_id, prof_id, course_id, year_semester_origin, max_pages)  values ( '3618022', 1, '8', '2016 FALL', 5 );

SET @foreignkey=(select last_insert_id());
insert into mdl_mem_mark_stats (booklet_id, total_booklet_score, total_booklet_score_max) values ( (select @foreignkey), 4, 20 );

insert into mdl_mem_pages (booklet_id, page_marks, page_marks_max, page_num) values ( (select @foreignkey), 1, 4, 1 ),  ( (select @foreignkey), 1, 4, 2 ),  ( (select @foreignkey), 1, 4, 3 ),  ( (select @foreignkey), 1, 4, 4 ),  ( (select @foreignkey), 1, 4, 5 );



insert into mdl_user (firstname, lastname, username, password, email, idnumber)  values ( 'Student71', 'StudentLastName71', 'student71', 'symmetricalSpoon#1', 'student71@cmput401.ca', '8002388' );

insert into mdl_mem_booklet_data (student_id, prof_id, course_id, year_semester_origin, max_pages)  values ( '8002388', 0, '8', '2016 FALL', 5 );

SET @foreignkey=(select last_insert_id());
insert into mdl_mem_mark_stats (booklet_id, total_booklet_score, total_booklet_score_max) values ( (select @foreignkey), 16, 20 );

insert into mdl_mem_pages (booklet_id, page_marks, page_marks_max, page_num) values ( (select @foreignkey), 4, 4, 1 ),  ( (select @foreignkey), 4, 4, 2 ),  ( (select @foreignkey), 4, 4, 3 ),  ( (select @foreignkey), 4, 4, 4 ),  ( (select @foreignkey), 4, 4, 5 );



insert into mdl_user (firstname, lastname, username, password, email, idnumber)  values ( 'Student72', 'StudentLastName72', 'student72', 'symmetricalSpoon#1', 'student72@cmput401.ca', '6069496' );

insert into mdl_mem_booklet_data (student_id, prof_id, course_id, year_semester_origin, max_pages)  values ( '6069496', 1, '8', '2016 FALL', 5 );

SET @foreignkey=(select last_insert_id());
insert into mdl_mem_mark_stats (booklet_id, total_booklet_score, total_booklet_score_max) values ( (select @foreignkey), 12, 20 );

insert into mdl_mem_pages (booklet_id, page_marks, page_marks_max, page_num) values ( (select @foreignkey), 3, 4, 1 ),  ( (select @foreignkey), 3, 4, 2 ),  ( (select @foreignkey), 3, 4, 3 ),  ( (select @foreignkey), 3, 4, 4 ),  ( (select @foreignkey), 3, 4, 5 );



insert into mdl_user (firstname, lastname, username, password, email, idnumber)  values ( 'Student73', 'StudentLastName73', 'student73', 'symmetricalSpoon#1', 'student73@cmput401.ca', '6178316' );

insert into mdl_mem_booklet_data (student_id, prof_id, course_id, year_semester_origin, max_pages)  values ( '6178316', 3, '8', '2016 FALL', 5 );

SET @foreignkey=(select last_insert_id());
insert into mdl_mem_mark_stats (booklet_id, total_booklet_score, total_booklet_score_max) values ( (select @foreignkey), 14, 20 );

insert into mdl_mem_pages (booklet_id, page_marks, page_marks_max, page_num) values ( (select @foreignkey), 3, 4, 1 ),  ( (select @foreignkey), 3, 4, 2 ),  ( (select @foreignkey), 3, 4, 3 ),  ( (select @foreignkey), 3, 4, 4 ),  ( (select @foreignkey), 3, 4, 5 );



insert into mdl_user (firstname, lastname, username, password, email, idnumber)  values ( 'Student74', 'StudentLastName74', 'student74', 'symmetricalSpoon#1', 'student74@cmput401.ca', '3663663' );

insert into mdl_mem_booklet_data (student_id, prof_id, course_id, year_semester_origin, max_pages)  values ( '3663663', 0, '8', '2016 FALL', 5 );

SET @foreignkey=(select last_insert_id());
insert into mdl_mem_mark_stats (booklet_id, total_booklet_score, total_booklet_score_max) values ( (select @foreignkey), 10, 20 );

insert into mdl_mem_pages (booklet_id, page_marks, page_marks_max, page_num) values ( (select @foreignkey), 2, 4, 1 ),  ( (select @foreignkey), 2, 4, 2 ),  ( (select @foreignkey), 2, 4, 3 ),  ( (select @foreignkey), 2, 4, 4 ),  ( (select @foreignkey), 2, 4, 5 );



insert into mdl_user (firstname, lastname, username, password, email, idnumber)  values ( 'Student75', 'StudentLastName75', 'student75', 'symmetricalSpoon#1', 'student75@cmput401.ca', '7246852' );

insert into mdl_mem_booklet_data (student_id, prof_id, course_id, year_semester_origin, max_pages)  values ( '7246852', 1, '8', '2016 FALL', 5 );

SET @foreignkey=(select last_insert_id());
insert into mdl_mem_mark_stats (booklet_id, total_booklet_score, total_booklet_score_max) values ( (select @foreignkey), 2, 20 );

insert into mdl_mem_pages (booklet_id, page_marks, page_marks_max, page_num) values ( (select @foreignkey), 0, 4, 1 ),  ( (select @foreignkey), 0, 4, 2 ),  ( (select @foreignkey), 0, 4, 3 ),  ( (select @foreignkey), 0, 4, 4 ),  ( (select @foreignkey), 0, 4, 5 );



insert into mdl_user (firstname, lastname, username, password, email, idnumber)  values ( 'Student76', 'StudentLastName76', 'student76', 'symmetricalSpoon#1', 'student76@cmput401.ca', '5056796' );

insert into mdl_mem_booklet_data (student_id, prof_id, course_id, year_semester_origin, max_pages)  values ( '5056796', 0, '8', '2016 FALL', 5 );

SET @foreignkey=(select last_insert_id());
insert into mdl_mem_mark_stats (booklet_id, total_booklet_score, total_booklet_score_max) values ( (select @foreignkey), 10, 20 );

insert into mdl_mem_pages (booklet_id, page_marks, page_marks_max, page_num) values ( (select @foreignkey), 2, 4, 1 ),  ( (select @foreignkey), 2, 4, 2 ),  ( (select @foreignkey), 2, 4, 3 ),  ( (select @foreignkey), 2, 4, 4 ),  ( (select @foreignkey), 2, 4, 5 );



insert into mdl_user (firstname, lastname, username, password, email, idnumber)  values ( 'Student77', 'StudentLastName77', 'student77', 'symmetricalSpoon#1', 'student77@cmput401.ca', '5704908' );

insert into mdl_mem_booklet_data (student_id, prof_id, course_id, year_semester_origin, max_pages)  values ( '5704908', 0, '8', '2016 FALL', 5 );

SET @foreignkey=(select last_insert_id());
insert into mdl_mem_mark_stats (booklet_id, total_booklet_score, total_booklet_score_max) values ( (select @foreignkey), 10, 20 );

insert into mdl_mem_pages (booklet_id, page_marks, page_marks_max, page_num) values ( (select @foreignkey), 2, 4, 1 ),  ( (select @foreignkey), 2, 4, 2 ),  ( (select @foreignkey), 2, 4, 3 ),  ( (select @foreignkey), 2, 4, 4 ),  ( (select @foreignkey), 2, 4, 5 );



insert into mdl_user (firstname, lastname, username, password, email, idnumber)  values ( 'Student78', 'StudentLastName78', 'student78', 'symmetricalSpoon#1', 'student78@cmput401.ca', '6637337' );

insert into mdl_mem_booklet_data (student_id, prof_id, course_id, year_semester_origin, max_pages)  values ( '6637337', 3, '8', '2016 FALL', 5 );

SET @foreignkey=(select last_insert_id());
insert into mdl_mem_mark_stats (booklet_id, total_booklet_score, total_booklet_score_max) values ( (select @foreignkey), 16, 20 );

insert into mdl_mem_pages (booklet_id, page_marks, page_marks_max, page_num) values ( (select @foreignkey), 4, 4, 1 ),  ( (select @foreignkey), 4, 4, 2 ),  ( (select @foreignkey), 4, 4, 3 ),  ( (select @foreignkey), 4, 4, 4 ),  ( (select @foreignkey), 4, 4, 5 );



insert into mdl_user (firstname, lastname, username, password, email, idnumber)  values ( 'Student79', 'StudentLastName79', 'student79', 'symmetricalSpoon#1', 'student79@cmput401.ca', '6527994' );

insert into mdl_mem_booklet_data (student_id, prof_id, course_id, year_semester_origin, max_pages)  values ( '6527994', 2, '8', '2016 FALL', 5 );

SET @foreignkey=(select last_insert_id());
insert into mdl_mem_mark_stats (booklet_id, total_booklet_score, total_booklet_score_max) values ( (select @foreignkey), 9, 20 );

insert into mdl_mem_pages (booklet_id, page_marks, page_marks_max, page_num) values ( (select @foreignkey), 2, 4, 1 ),  ( (select @foreignkey), 2, 4, 2 ),  ( (select @foreignkey), 2, 4, 3 ),  ( (select @foreignkey), 2, 4, 4 ),  ( (select @foreignkey), 2, 4, 5 );



insert into mdl_user (firstname, lastname, username, password, email, idnumber)  values ( 'Student80', 'StudentLastName80', 'student80', 'symmetricalSpoon#1', 'student80@cmput401.ca', '2899728' );

insert into mdl_mem_booklet_data (student_id, prof_id, course_id, year_semester_origin, max_pages)  values ( '2899728', 3, '8', '2016 FALL', 5 );

SET @foreignkey=(select last_insert_id());
insert into mdl_mem_mark_stats (booklet_id, total_booklet_score, total_booklet_score_max) values ( (select @foreignkey), 11, 20 );

insert into mdl_mem_pages (booklet_id, page_marks, page_marks_max, page_num) values ( (select @foreignkey), 2, 4, 1 ),  ( (select @foreignkey), 2, 4, 2 ),  ( (select @foreignkey), 2, 4, 3 ),  ( (select @foreignkey), 2, 4, 4 ),  ( (select @foreignkey), 2, 4, 5 );



insert into mdl_user (firstname, lastname, username, password, email, idnumber)  values ( 'Student81', 'StudentLastName81', 'student81', 'symmetricalSpoon#1', 'student81@cmput401.ca', '344646' );

insert into mdl_mem_booklet_data (student_id, prof_id, course_id, year_semester_origin, max_pages)  values ( '344646', 1, '8', '2016 FALL', 5 );

SET @foreignkey=(select last_insert_id());
insert into mdl_mem_mark_stats (booklet_id, total_booklet_score, total_booklet_score_max) values ( (select @foreignkey), 5, 20 );

insert into mdl_mem_pages (booklet_id, page_marks, page_marks_max, page_num) values ( (select @foreignkey), 1, 4, 1 ),  ( (select @foreignkey), 1, 4, 2 ),  ( (select @foreignkey), 1, 4, 3 ),  ( (select @foreignkey), 1, 4, 4 ),  ( (select @foreignkey), 1, 4, 5 );



insert into mdl_user (firstname, lastname, username, password, email, idnumber)  values ( 'Student82', 'StudentLastName82', 'student82', 'symmetricalSpoon#1', 'student82@cmput401.ca', '991158' );

insert into mdl_mem_booklet_data (student_id, prof_id, course_id, year_semester_origin, max_pages)  values ( '991158', 0, '8', '2016 FALL', 5 );

SET @foreignkey=(select last_insert_id());
insert into mdl_mem_mark_stats (booklet_id, total_booklet_score, total_booklet_score_max) values ( (select @foreignkey), 8, 20 );

insert into mdl_mem_pages (booklet_id, page_marks, page_marks_max, page_num) values ( (select @foreignkey), 2, 4, 1 ),  ( (select @foreignkey), 2, 4, 2 ),  ( (select @foreignkey), 2, 4, 3 ),  ( (select @foreignkey), 2, 4, 4 ),  ( (select @foreignkey), 2, 4, 5 );



insert into mdl_user (firstname, lastname, username, password, email, idnumber)  values ( 'Student83', 'StudentLastName83', 'student83', 'symmetricalSpoon#1', 'student83@cmput401.ca', '1047571' );

insert into mdl_mem_booklet_data (student_id, prof_id, course_id, year_semester_origin, max_pages)  values ( '1047571', 0, '8', '2016 FALL', 5 );

SET @foreignkey=(select last_insert_id());
insert into mdl_mem_mark_stats (booklet_id, total_booklet_score, total_booklet_score_max) values ( (select @foreignkey), 9, 20 );

insert into mdl_mem_pages (booklet_id, page_marks, page_marks_max, page_num) values ( (select @foreignkey), 2, 4, 1 ),  ( (select @foreignkey), 2, 4, 2 ),  ( (select @foreignkey), 2, 4, 3 ),  ( (select @foreignkey), 2, 4, 4 ),  ( (select @foreignkey), 2, 4, 5 );



insert into mdl_user (firstname, lastname, username, password, email, idnumber)  values ( 'Student84', 'StudentLastName84', 'student84', 'symmetricalSpoon#1', 'student84@cmput401.ca', '4874099' );

insert into mdl_mem_booklet_data (student_id, prof_id, course_id, year_semester_origin, max_pages)  values ( '4874099', 3, '8', '2016 FALL', 5 );

SET @foreignkey=(select last_insert_id());
insert into mdl_mem_mark_stats (booklet_id, total_booklet_score, total_booklet_score_max) values ( (select @foreignkey), 17, 20 );

insert into mdl_mem_pages (booklet_id, page_marks, page_marks_max, page_num) values ( (select @foreignkey), 4, 4, 1 ),  ( (select @foreignkey), 4, 4, 2 ),  ( (select @foreignkey), 4, 4, 3 ),  ( (select @foreignkey), 4, 4, 4 ),  ( (select @foreignkey), 4, 4, 5 );



insert into mdl_user (firstname, lastname, username, password, email, idnumber)  values ( 'Student85', 'StudentLastName85', 'student85', 'symmetricalSpoon#1', 'student85@cmput401.ca', '9184308' );

insert into mdl_mem_booklet_data (student_id, prof_id, course_id, year_semester_origin, max_pages)  values ( '9184308', 2, '8', '2016 FALL', 5 );

SET @foreignkey=(select last_insert_id());
insert into mdl_mem_mark_stats (booklet_id, total_booklet_score, total_booklet_score_max) values ( (select @foreignkey), 8, 20 );

insert into mdl_mem_pages (booklet_id, page_marks, page_marks_max, page_num) values ( (select @foreignkey), 2, 4, 1 ),  ( (select @foreignkey), 2, 4, 2 ),  ( (select @foreignkey), 2, 4, 3 ),  ( (select @foreignkey), 2, 4, 4 ),  ( (select @foreignkey), 2, 4, 5 );



insert into mdl_user (firstname, lastname, username, password, email, idnumber)  values ( 'Student86', 'StudentLastName86', 'student86', 'symmetricalSpoon#1', 'student86@cmput401.ca', '7348114' );

insert into mdl_mem_booklet_data (student_id, prof_id, course_id, year_semester_origin, max_pages)  values ( '7348114', 1, '8', '2016 FALL', 5 );

SET @foreignkey=(select last_insert_id());
insert into mdl_mem_mark_stats (booklet_id, total_booklet_score, total_booklet_score_max) values ( (select @foreignkey), 7, 20 );

insert into mdl_mem_pages (booklet_id, page_marks, page_marks_max, page_num) values ( (select @foreignkey), 1, 4, 1 ),  ( (select @foreignkey), 1, 4, 2 ),  ( (select @foreignkey), 1, 4, 3 ),  ( (select @foreignkey), 1, 4, 4 ),  ( (select @foreignkey), 1, 4, 5 );



insert into mdl_user (firstname, lastname, username, password, email, idnumber)  values ( 'Student87', 'StudentLastName87', 'student87', 'symmetricalSpoon#1', 'student87@cmput401.ca', '2367400' );

insert into mdl_mem_booklet_data (student_id, prof_id, course_id, year_semester_origin, max_pages)  values ( '2367400', 1, '8', '2016 FALL', 5 );

SET @foreignkey=(select last_insert_id());
insert into mdl_mem_mark_stats (booklet_id, total_booklet_score, total_booklet_score_max) values ( (select @foreignkey), 4, 20 );

insert into mdl_mem_pages (booklet_id, page_marks, page_marks_max, page_num) values ( (select @foreignkey), 1, 4, 1 ),  ( (select @foreignkey), 1, 4, 2 ),  ( (select @foreignkey), 1, 4, 3 ),  ( (select @foreignkey), 1, 4, 4 ),  ( (select @foreignkey), 1, 4, 5 );



insert into mdl_user (firstname, lastname, username, password, email, idnumber)  values ( 'Student88', 'StudentLastName88', 'student88', 'symmetricalSpoon#1', 'student88@cmput401.ca', '6212395' );

insert into mdl_mem_booklet_data (student_id, prof_id, course_id, year_semester_origin, max_pages)  values ( '6212395', 3, '8', '2016 FALL', 5 );

SET @foreignkey=(select last_insert_id());
insert into mdl_mem_mark_stats (booklet_id, total_booklet_score, total_booklet_score_max) values ( (select @foreignkey), 13, 20 );

insert into mdl_mem_pages (booklet_id, page_marks, page_marks_max, page_num) values ( (select @foreignkey), 3, 4, 1 ),  ( (select @foreignkey), 3, 4, 2 ),  ( (select @foreignkey), 3, 4, 3 ),  ( (select @foreignkey), 3, 4, 4 ),  ( (select @foreignkey), 3, 4, 5 );



insert into mdl_user (firstname, lastname, username, password, email, idnumber)  values ( 'Student89', 'StudentLastName89', 'student89', 'symmetricalSpoon#1', 'student89@cmput401.ca', '991925' );

insert into mdl_mem_booklet_data (student_id, prof_id, course_id, year_semester_origin, max_pages)  values ( '991925', 0, '8', '2016 FALL', 5 );

SET @foreignkey=(select last_insert_id());
insert into mdl_mem_mark_stats (booklet_id, total_booklet_score, total_booklet_score_max) values ( (select @foreignkey), 13, 20 );

insert into mdl_mem_pages (booklet_id, page_marks, page_marks_max, page_num) values ( (select @foreignkey), 3, 4, 1 ),  ( (select @foreignkey), 3, 4, 2 ),  ( (select @foreignkey), 3, 4, 3 ),  ( (select @foreignkey), 3, 4, 4 ),  ( (select @foreignkey), 3, 4, 5 );



insert into mdl_user (firstname, lastname, username, password, email, idnumber)  values ( 'Student90', 'StudentLastName90', 'student90', 'symmetricalSpoon#1', 'student90@cmput401.ca', '6755275' );

insert into mdl_mem_booklet_data (student_id, prof_id, course_id, year_semester_origin, max_pages)  values ( '6755275', 0, '8', '2016 FALL', 5 );

SET @foreignkey=(select last_insert_id());
insert into mdl_mem_mark_stats (booklet_id, total_booklet_score, total_booklet_score_max) values ( (select @foreignkey), 8, 20 );

insert into mdl_mem_pages (booklet_id, page_marks, page_marks_max, page_num) values ( (select @foreignkey), 2, 4, 1 ),  ( (select @foreignkey), 2, 4, 2 ),  ( (select @foreignkey), 2, 4, 3 ),  ( (select @foreignkey), 2, 4, 4 ),  ( (select @foreignkey), 2, 4, 5 );



insert into mdl_user (firstname, lastname, username, password, email, idnumber)  values ( 'Student91', 'StudentLastName91', 'student91', 'symmetricalSpoon#1', 'student91@cmput401.ca', '6115260' );

insert into mdl_mem_booklet_data (student_id, prof_id, course_id, year_semester_origin, max_pages)  values ( '6115260', 2, '8', '2016 FALL', 5 );

SET @foreignkey=(select last_insert_id());
insert into mdl_mem_mark_stats (booklet_id, total_booklet_score, total_booklet_score_max) values ( (select @foreignkey), 1, 20 );

insert into mdl_mem_pages (booklet_id, page_marks, page_marks_max, page_num) values ( (select @foreignkey), 0, 4, 1 ),  ( (select @foreignkey), 0, 4, 2 ),  ( (select @foreignkey), 0, 4, 3 ),  ( (select @foreignkey), 0, 4, 4 ),  ( (select @foreignkey), 0, 4, 5 );



insert into mdl_user (firstname, lastname, username, password, email, idnumber)  values ( 'Student92', 'StudentLastName92', 'student92', 'symmetricalSpoon#1', 'student92@cmput401.ca', '1603975' );

insert into mdl_mem_booklet_data (student_id, prof_id, course_id, year_semester_origin, max_pages)  values ( '1603975', 1, '8', '2016 FALL', 5 );

SET @foreignkey=(select last_insert_id());
insert into mdl_mem_mark_stats (booklet_id, total_booklet_score, total_booklet_score_max) values ( (select @foreignkey), 12, 20 );

insert into mdl_mem_pages (booklet_id, page_marks, page_marks_max, page_num) values ( (select @foreignkey), 3, 4, 1 ),  ( (select @foreignkey), 3, 4, 2 ),  ( (select @foreignkey), 3, 4, 3 ),  ( (select @foreignkey), 3, 4, 4 ),  ( (select @foreignkey), 3, 4, 5 );



insert into mdl_user (firstname, lastname, username, password, email, idnumber)  values ( 'Student93', 'StudentLastName93', 'student93', 'symmetricalSpoon#1', 'student93@cmput401.ca', '9321354' );

insert into mdl_mem_booklet_data (student_id, prof_id, course_id, year_semester_origin, max_pages)  values ( '9321354', 0, '8', '2016 FALL', 5 );

SET @foreignkey=(select last_insert_id());
insert into mdl_mem_mark_stats (booklet_id, total_booklet_score, total_booklet_score_max) values ( (select @foreignkey), 18, 20 );

insert into mdl_mem_pages (booklet_id, page_marks, page_marks_max, page_num) values ( (select @foreignkey), 4, 4, 1 ),  ( (select @foreignkey), 4, 4, 2 ),  ( (select @foreignkey), 4, 4, 3 ),  ( (select @foreignkey), 4, 4, 4 ),  ( (select @foreignkey), 4, 4, 5 );



insert into mdl_user (firstname, lastname, username, password, email, idnumber)  values ( 'Student94', 'StudentLastName94', 'student94', 'symmetricalSpoon#1', 'student94@cmput401.ca', '5366051' );

insert into mdl_mem_booklet_data (student_id, prof_id, course_id, year_semester_origin, max_pages)  values ( '5366051', 2, '8', '2016 FALL', 5 );

SET @foreignkey=(select last_insert_id());
insert into mdl_mem_mark_stats (booklet_id, total_booklet_score, total_booklet_score_max) values ( (select @foreignkey), 15, 20 );

insert into mdl_mem_pages (booklet_id, page_marks, page_marks_max, page_num) values ( (select @foreignkey), 3, 4, 1 ),  ( (select @foreignkey), 3, 4, 2 ),  ( (select @foreignkey), 3, 4, 3 ),  ( (select @foreignkey), 3, 4, 4 ),  ( (select @foreignkey), 3, 4, 5 );



insert into mdl_user (firstname, lastname, username, password, email, idnumber)  values ( 'Student95', 'StudentLastName95', 'student95', 'symmetricalSpoon#1', 'student95@cmput401.ca', '6414563' );

insert into mdl_mem_booklet_data (student_id, prof_id, course_id, year_semester_origin, max_pages)  values ( '6414563', 1, '8', '2016 FALL', 5 );

SET @foreignkey=(select last_insert_id());
insert into mdl_mem_mark_stats (booklet_id, total_booklet_score, total_booklet_score_max) values ( (select @foreignkey), 7, 20 );

insert into mdl_mem_pages (booklet_id, page_marks, page_marks_max, page_num) values ( (select @foreignkey), 1, 4, 1 ),  ( (select @foreignkey), 1, 4, 2 ),  ( (select @foreignkey), 1, 4, 3 ),  ( (select @foreignkey), 1, 4, 4 ),  ( (select @foreignkey), 1, 4, 5 );



insert into mdl_user (firstname, lastname, username, password, email, idnumber)  values ( 'Student96', 'StudentLastName96', 'student96', 'symmetricalSpoon#1', 'student96@cmput401.ca', '3281692' );

insert into mdl_mem_booklet_data (student_id, prof_id, course_id, year_semester_origin, max_pages)  values ( '3281692', 3, '8', '2016 FALL', 5 );

SET @foreignkey=(select last_insert_id());
insert into mdl_mem_mark_stats (booklet_id, total_booklet_score, total_booklet_score_max) values ( (select @foreignkey), 20, 20 );

insert into mdl_mem_pages (booklet_id, page_marks, page_marks_max, page_num) values ( (select @foreignkey), 5, 4, 1 ),  ( (select @foreignkey), 5, 4, 2 ),  ( (select @foreignkey), 5, 4, 3 ),  ( (select @foreignkey), 5, 4, 4 ),  ( (select @foreignkey), 5, 4, 5 );



insert into mdl_user (firstname, lastname, username, password, email, idnumber)  values ( 'Student97', 'StudentLastName97', 'student97', 'symmetricalSpoon#1', 'student97@cmput401.ca', '8400184' );

insert into mdl_mem_booklet_data (student_id, prof_id, course_id, year_semester_origin, max_pages)  values ( '8400184', 2, '8', '2016 FALL', 5 );

SET @foreignkey=(select last_insert_id());
insert into mdl_mem_mark_stats (booklet_id, total_booklet_score, total_booklet_score_max) values ( (select @foreignkey), 9, 20 );

insert into mdl_mem_pages (booklet_id, page_marks, page_marks_max, page_num) values ( (select @foreignkey), 2, 4, 1 ),  ( (select @foreignkey), 2, 4, 2 ),  ( (select @foreignkey), 2, 4, 3 ),  ( (select @foreignkey), 2, 4, 4 ),  ( (select @foreignkey), 2, 4, 5 );



insert into mdl_user (firstname, lastname, username, password, email, idnumber)  values ( 'Student98', 'StudentLastName98', 'student98', 'symmetricalSpoon#1', 'student98@cmput401.ca', '8846492' );

insert into mdl_mem_booklet_data (student_id, prof_id, course_id, year_semester_origin, max_pages)  values ( '8846492', 0, '8', '2016 FALL', 5 );

SET @foreignkey=(select last_insert_id());
insert into mdl_mem_mark_stats (booklet_id, total_booklet_score, total_booklet_score_max) values ( (select @foreignkey), 1, 20 );

insert into mdl_mem_pages (booklet_id, page_marks, page_marks_max, page_num) values ( (select @foreignkey), 0, 4, 1 ),  ( (select @foreignkey), 0, 4, 2 ),  ( (select @foreignkey), 0, 4, 3 ),  ( (select @foreignkey), 0, 4, 4 ),  ( (select @foreignkey), 0, 4, 5 );



insert into mdl_user (firstname, lastname, username, password, email, idnumber)  values ( 'Student99', 'StudentLastName99', 'student99', 'symmetricalSpoon#1', 'student99@cmput401.ca', '6129768' );

insert into mdl_mem_booklet_data (student_id, prof_id, course_id, year_semester_origin, max_pages)  values ( '6129768', 0, '8', '2016 FALL', 5 );

SET @foreignkey=(select last_insert_id());
insert into mdl_mem_mark_stats (booklet_id, total_booklet_score, total_booklet_score_max) values ( (select @foreignkey), 3, 20 );

insert into mdl_mem_pages (booklet_id, page_marks, page_marks_max, page_num) values ( (select @foreignkey), 0, 4, 1 ),  ( (select @foreignkey), 0, 4, 2 ),  ( (select @foreignkey), 0, 4, 3 ),  ( (select @foreignkey), 0, 4, 4 ),  ( (select @foreignkey), 0, 4, 5 );



insert into mdl_user (firstname, lastname, username, password, email, idnumber)  values ( 'Student100', 'StudentLastName100', 'student100', 'symmetricalSpoon#1', 'student100@cmput401.ca', '9344301' );

insert into mdl_mem_booklet_data (student_id, prof_id, course_id, year_semester_origin, max_pages)  values ( '9344301', 0, '8', '2016 FALL', 5 );

SET @foreignkey=(select last_insert_id());
insert into mdl_mem_mark_stats (booklet_id, total_booklet_score, total_booklet_score_max) values ( (select @foreignkey), 3, 20 );

insert into mdl_mem_pages (booklet_id, page_marks, page_marks_max, page_num) values ( (select @foreignkey), 0, 4, 1 ),  ( (select @foreignkey), 0, 4, 2 ),  ( (select @foreignkey), 0, 4, 3 ),  ( (select @foreignkey), 0, 4, 4 ),  ( (select @foreignkey), 0, 4, 5 );



insert into mdl_user (firstname, lastname, username, password, email, idnumber)  values ( 'Student101', 'StudentLastName101', 'student101', 'symmetricalSpoon#1', 'student101@cmput401.ca', '8083543' );

insert into mdl_mem_booklet_data (student_id, prof_id, course_id, year_semester_origin, max_pages)  values ( '8083543', 2, '8', '2016 FALL', 5 );

SET @foreignkey=(select last_insert_id());
insert into mdl_mem_mark_stats (booklet_id, total_booklet_score, total_booklet_score_max) values ( (select @foreignkey), 8, 20 );

insert into mdl_mem_pages (booklet_id, page_marks, page_marks_max, page_num) values ( (select @foreignkey), 2, 4, 1 ),  ( (select @foreignkey), 2, 4, 2 ),  ( (select @foreignkey), 2, 4, 3 ),  ( (select @foreignkey), 2, 4, 4 ),  ( (select @foreignkey), 2, 4, 5 );



insert into mdl_user (firstname, lastname, username, password, email, idnumber)  values ( 'Student102', 'StudentLastName102', 'student102', 'symmetricalSpoon#1', 'student102@cmput401.ca', '1458683' );

insert into mdl_mem_booklet_data (student_id, prof_id, course_id, year_semester_origin, max_pages)  values ( '1458683', 3, '8', '2016 FALL', 5 );

SET @foreignkey=(select last_insert_id());
insert into mdl_mem_mark_stats (booklet_id, total_booklet_score, total_booklet_score_max) values ( (select @foreignkey), 17, 20 );

insert into mdl_mem_pages (booklet_id, page_marks, page_marks_max, page_num) values ( (select @foreignkey), 4, 4, 1 ),  ( (select @foreignkey), 4, 4, 2 ),  ( (select @foreignkey), 4, 4, 3 ),  ( (select @foreignkey), 4, 4, 4 ),  ( (select @foreignkey), 4, 4, 5 );



insert into mdl_user (firstname, lastname, username, password, email, idnumber)  values ( 'Student103', 'StudentLastName103', 'student103', 'symmetricalSpoon#1', 'student103@cmput401.ca', '2932803' );

insert into mdl_mem_booklet_data (student_id, prof_id, course_id, year_semester_origin, max_pages)  values ( '2932803', 1, '8', '2016 FALL', 5 );

SET @foreignkey=(select last_insert_id());
insert into mdl_mem_mark_stats (booklet_id, total_booklet_score, total_booklet_score_max) values ( (select @foreignkey), 4, 20 );

insert into mdl_mem_pages (booklet_id, page_marks, page_marks_max, page_num) values ( (select @foreignkey), 1, 4, 1 ),  ( (select @foreignkey), 1, 4, 2 ),  ( (select @foreignkey), 1, 4, 3 ),  ( (select @foreignkey), 1, 4, 4 ),  ( (select @foreignkey), 1, 4, 5 );



insert into mdl_user (firstname, lastname, username, password, email, idnumber)  values ( 'Student104', 'StudentLastName104', 'student104', 'symmetricalSpoon#1', 'student104@cmput401.ca', '3006762' );

insert into mdl_mem_booklet_data (student_id, prof_id, course_id, year_semester_origin, max_pages)  values ( '3006762', 0, '8', '2016 FALL', 5 );

SET @foreignkey=(select last_insert_id());
insert into mdl_mem_mark_stats (booklet_id, total_booklet_score, total_booklet_score_max) values ( (select @foreignkey), 9, 20 );

insert into mdl_mem_pages (booklet_id, page_marks, page_marks_max, page_num) values ( (select @foreignkey), 2, 4, 1 ),  ( (select @foreignkey), 2, 4, 2 ),  ( (select @foreignkey), 2, 4, 3 ),  ( (select @foreignkey), 2, 4, 4 ),  ( (select @foreignkey), 2, 4, 5 );



insert into mdl_user (firstname, lastname, username, password, email, idnumber)  values ( 'Student105', 'StudentLastName105', 'student105', 'symmetricalSpoon#1', 'student105@cmput401.ca', '8064493' );

insert into mdl_mem_booklet_data (student_id, prof_id, course_id, year_semester_origin, max_pages)  values ( '8064493', 3, '8', '2016 FALL', 5 );

SET @foreignkey=(select last_insert_id());
insert into mdl_mem_mark_stats (booklet_id, total_booklet_score, total_booklet_score_max) values ( (select @foreignkey), 8, 20 );

insert into mdl_mem_pages (booklet_id, page_marks, page_marks_max, page_num) values ( (select @foreignkey), 2, 4, 1 ),  ( (select @foreignkey), 2, 4, 2 ),  ( (select @foreignkey), 2, 4, 3 ),  ( (select @foreignkey), 2, 4, 4 ),  ( (select @foreignkey), 2, 4, 5 );



insert into mdl_user (firstname, lastname, username, password, email, idnumber)  values ( 'Student106', 'StudentLastName106', 'student106', 'symmetricalSpoon#1', 'student106@cmput401.ca', '7976774' );

insert into mdl_mem_booklet_data (student_id, prof_id, course_id, year_semester_origin, max_pages)  values ( '7976774', 3, '8', '2016 FALL', 5 );

SET @foreignkey=(select last_insert_id());
insert into mdl_mem_mark_stats (booklet_id, total_booklet_score, total_booklet_score_max) values ( (select @foreignkey), 11, 20 );

insert into mdl_mem_pages (booklet_id, page_marks, page_marks_max, page_num) values ( (select @foreignkey), 2, 4, 1 ),  ( (select @foreignkey), 2, 4, 2 ),  ( (select @foreignkey), 2, 4, 3 ),  ( (select @foreignkey), 2, 4, 4 ),  ( (select @foreignkey), 2, 4, 5 );



insert into mdl_user (firstname, lastname, username, password, email, idnumber)  values ( 'Student107', 'StudentLastName107', 'student107', 'symmetricalSpoon#1', 'student107@cmput401.ca', '9092860' );

insert into mdl_mem_booklet_data (student_id, prof_id, course_id, year_semester_origin, max_pages)  values ( '9092860', 3, '8', '2016 FALL', 5 );

SET @foreignkey=(select last_insert_id());
insert into mdl_mem_mark_stats (booklet_id, total_booklet_score, total_booklet_score_max) values ( (select @foreignkey), 7, 20 );

insert into mdl_mem_pages (booklet_id, page_marks, page_marks_max, page_num) values ( (select @foreignkey), 1, 4, 1 ),  ( (select @foreignkey), 1, 4, 2 ),  ( (select @foreignkey), 1, 4, 3 ),  ( (select @foreignkey), 1, 4, 4 ),  ( (select @foreignkey), 1, 4, 5 );



insert into mdl_user (firstname, lastname, username, password, email, idnumber)  values ( 'Student108', 'StudentLastName108', 'student108', 'symmetricalSpoon#1', 'student108@cmput401.ca', '4646669' );

insert into mdl_mem_booklet_data (student_id, prof_id, course_id, year_semester_origin, max_pages)  values ( '4646669', 1, '8', '2016 FALL', 5 );

SET @foreignkey=(select last_insert_id());
insert into mdl_mem_mark_stats (booklet_id, total_booklet_score, total_booklet_score_max) values ( (select @foreignkey), 10, 20 );

insert into mdl_mem_pages (booklet_id, page_marks, page_marks_max, page_num) values ( (select @foreignkey), 2, 4, 1 ),  ( (select @foreignkey), 2, 4, 2 ),  ( (select @foreignkey), 2, 4, 3 ),  ( (select @foreignkey), 2, 4, 4 ),  ( (select @foreignkey), 2, 4, 5 );



insert into mdl_user (firstname, lastname, username, password, email, idnumber)  values ( 'Student109', 'StudentLastName109', 'student109', 'symmetricalSpoon#1', 'student109@cmput401.ca', '1276055' );

insert into mdl_mem_booklet_data (student_id, prof_id, course_id, year_semester_origin, max_pages)  values ( '1276055', 1, '8', '2016 FALL', 5 );

SET @foreignkey=(select last_insert_id());
insert into mdl_mem_mark_stats (booklet_id, total_booklet_score, total_booklet_score_max) values ( (select @foreignkey), 13, 20 );

insert into mdl_mem_pages (booklet_id, page_marks, page_marks_max, page_num) values ( (select @foreignkey), 3, 4, 1 ),  ( (select @foreignkey), 3, 4, 2 ),  ( (select @foreignkey), 3, 4, 3 ),  ( (select @foreignkey), 3, 4, 4 ),  ( (select @foreignkey), 3, 4, 5 );



insert into mdl_user (firstname, lastname, username, password, email, idnumber)  values ( 'Student110', 'StudentLastName110', 'student110', 'symmetricalSpoon#1', 'student110@cmput401.ca', '5183912' );

insert into mdl_mem_booklet_data (student_id, prof_id, course_id, year_semester_origin, max_pages)  values ( '5183912', 0, '8', '2016 FALL', 5 );

SET @foreignkey=(select last_insert_id());
insert into mdl_mem_mark_stats (booklet_id, total_booklet_score, total_booklet_score_max) values ( (select @foreignkey), 12, 20 );

insert into mdl_mem_pages (booklet_id, page_marks, page_marks_max, page_num) values ( (select @foreignkey), 3, 4, 1 ),  ( (select @foreignkey), 3, 4, 2 ),  ( (select @foreignkey), 3, 4, 3 ),  ( (select @foreignkey), 3, 4, 4 ),  ( (select @foreignkey), 3, 4, 5 );



insert into mdl_user (firstname, lastname, username, password, email, idnumber)  values ( 'Student111', 'StudentLastName111', 'student111', 'symmetricalSpoon#1', 'student111@cmput401.ca', '4485271' );

insert into mdl_mem_booklet_data (student_id, prof_id, course_id, year_semester_origin, max_pages)  values ( '4485271', 2, '8', '2016 FALL', 5 );

SET @foreignkey=(select last_insert_id());
insert into mdl_mem_mark_stats (booklet_id, total_booklet_score, total_booklet_score_max) values ( (select @foreignkey), 0, 20 );

insert into mdl_mem_pages (booklet_id, page_marks, page_marks_max, page_num) values ( (select @foreignkey), 0, 4, 1 ),  ( (select @foreignkey), 0, 4, 2 ),  ( (select @foreignkey), 0, 4, 3 ),  ( (select @foreignkey), 0, 4, 4 ),  ( (select @foreignkey), 0, 4, 5 );



insert into mdl_user (firstname, lastname, username, password, email, idnumber)  values ( 'Student112', 'StudentLastName112', 'student112', 'symmetricalSpoon#1', 'student112@cmput401.ca', '8442777' );

insert into mdl_mem_booklet_data (student_id, prof_id, course_id, year_semester_origin, max_pages)  values ( '8442777', 1, '8', '2016 FALL', 5 );

SET @foreignkey=(select last_insert_id());
insert into mdl_mem_mark_stats (booklet_id, total_booklet_score, total_booklet_score_max) values ( (select @foreignkey), 12, 20 );

insert into mdl_mem_pages (booklet_id, page_marks, page_marks_max, page_num) values ( (select @foreignkey), 3, 4, 1 ),  ( (select @foreignkey), 3, 4, 2 ),  ( (select @foreignkey), 3, 4, 3 ),  ( (select @foreignkey), 3, 4, 4 ),  ( (select @foreignkey), 3, 4, 5 );



insert into mdl_user (firstname, lastname, username, password, email, idnumber)  values ( 'Student113', 'StudentLastName113', 'student113', 'symmetricalSpoon#1', 'student113@cmput401.ca', '4589873' );

insert into mdl_mem_booklet_data (student_id, prof_id, course_id, year_semester_origin, max_pages)  values ( '4589873', 3, '8', '2016 FALL', 5 );

SET @foreignkey=(select last_insert_id());
insert into mdl_mem_mark_stats (booklet_id, total_booklet_score, total_booklet_score_max) values ( (select @foreignkey), 0, 20 );

insert into mdl_mem_pages (booklet_id, page_marks, page_marks_max, page_num) values ( (select @foreignkey), 0, 4, 1 ),  ( (select @foreignkey), 0, 4, 2 ),  ( (select @foreignkey), 0, 4, 3 ),  ( (select @foreignkey), 0, 4, 4 ),  ( (select @foreignkey), 0, 4, 5 );



insert into mdl_user (firstname, lastname, username, password, email, idnumber)  values ( 'Student114', 'StudentLastName114', 'student114', 'symmetricalSpoon#1', 'student114@cmput401.ca', '6283240' );

insert into mdl_mem_booklet_data (student_id, prof_id, course_id, year_semester_origin, max_pages)  values ( '6283240', 3, '8', '2016 FALL', 5 );

SET @foreignkey=(select last_insert_id());
insert into mdl_mem_mark_stats (booklet_id, total_booklet_score, total_booklet_score_max) values ( (select @foreignkey), 18, 20 );

insert into mdl_mem_pages (booklet_id, page_marks, page_marks_max, page_num) values ( (select @foreignkey), 4, 4, 1 ),  ( (select @foreignkey), 4, 4, 2 ),  ( (select @foreignkey), 4, 4, 3 ),  ( (select @foreignkey), 4, 4, 4 ),  ( (select @foreignkey), 4, 4, 5 );



insert into mdl_user (firstname, lastname, username, password, email, idnumber)  values ( 'Student115', 'StudentLastName115', 'student115', 'symmetricalSpoon#1', 'student115@cmput401.ca', '7410163' );

insert into mdl_mem_booklet_data (student_id, prof_id, course_id, year_semester_origin, max_pages)  values ( '7410163', 2, '8', '2016 FALL', 5 );

SET @foreignkey=(select last_insert_id());
insert into mdl_mem_mark_stats (booklet_id, total_booklet_score, total_booklet_score_max) values ( (select @foreignkey), 16, 20 );

insert into mdl_mem_pages (booklet_id, page_marks, page_marks_max, page_num) values ( (select @foreignkey), 4, 4, 1 ),  ( (select @foreignkey), 4, 4, 2 ),  ( (select @foreignkey), 4, 4, 3 ),  ( (select @foreignkey), 4, 4, 4 ),  ( (select @foreignkey), 4, 4, 5 );



insert into mdl_user (firstname, lastname, username, password, email, idnumber)  values ( 'Student116', 'StudentLastName116', 'student116', 'symmetricalSpoon#1', 'student116@cmput401.ca', '5256731' );

insert into mdl_mem_booklet_data (student_id, prof_id, course_id, year_semester_origin, max_pages)  values ( '5256731', 0, '8', '2016 FALL', 5 );

SET @foreignkey=(select last_insert_id());
insert into mdl_mem_mark_stats (booklet_id, total_booklet_score, total_booklet_score_max) values ( (select @foreignkey), 7, 20 );

insert into mdl_mem_pages (booklet_id, page_marks, page_marks_max, page_num) values ( (select @foreignkey), 1, 4, 1 ),  ( (select @foreignkey), 1, 4, 2 ),  ( (select @foreignkey), 1, 4, 3 ),  ( (select @foreignkey), 1, 4, 4 ),  ( (select @foreignkey), 1, 4, 5 );



insert into mdl_user (firstname, lastname, username, password, email, idnumber)  values ( 'Student117', 'StudentLastName117', 'student117', 'symmetricalSpoon#1', 'student117@cmput401.ca', '8336211' );

insert into mdl_mem_booklet_data (student_id, prof_id, course_id, year_semester_origin, max_pages)  values ( '8336211', 0, '8', '2016 FALL', 5 );

SET @foreignkey=(select last_insert_id());
insert into mdl_mem_mark_stats (booklet_id, total_booklet_score, total_booklet_score_max) values ( (select @foreignkey), 1, 20 );

insert into mdl_mem_pages (booklet_id, page_marks, page_marks_max, page_num) values ( (select @foreignkey), 0, 4, 1 ),  ( (select @foreignkey), 0, 4, 2 ),  ( (select @foreignkey), 0, 4, 3 ),  ( (select @foreignkey), 0, 4, 4 ),  ( (select @foreignkey), 0, 4, 5 );



insert into mdl_user (firstname, lastname, username, password, email, idnumber)  values ( 'Student118', 'StudentLastName118', 'student118', 'symmetricalSpoon#1', 'student118@cmput401.ca', '8905051' );

insert into mdl_mem_booklet_data (student_id, prof_id, course_id, year_semester_origin, max_pages)  values ( '8905051', 2, '8', '2016 FALL', 5 );

SET @foreignkey=(select last_insert_id());
insert into mdl_mem_mark_stats (booklet_id, total_booklet_score, total_booklet_score_max) values ( (select @foreignkey), 15, 20 );

insert into mdl_mem_pages (booklet_id, page_marks, page_marks_max, page_num) values ( (select @foreignkey), 3, 4, 1 ),  ( (select @foreignkey), 3, 4, 2 ),  ( (select @foreignkey), 3, 4, 3 ),  ( (select @foreignkey), 3, 4, 4 ),  ( (select @foreignkey), 3, 4, 5 );



insert into mdl_user (firstname, lastname, username, password, email, idnumber)  values ( 'Student119', 'StudentLastName119', 'student119', 'symmetricalSpoon#1', 'student119@cmput401.ca', '2947735' );

insert into mdl_mem_booklet_data (student_id, prof_id, course_id, year_semester_origin, max_pages)  values ( '2947735', 3, '8', '2016 FALL', 5 );

SET @foreignkey=(select last_insert_id());
insert into mdl_mem_mark_stats (booklet_id, total_booklet_score, total_booklet_score_max) values ( (select @foreignkey), 16, 20 );

insert into mdl_mem_pages (booklet_id, page_marks, page_marks_max, page_num) values ( (select @foreignkey), 4, 4, 1 ),  ( (select @foreignkey), 4, 4, 2 ),  ( (select @foreignkey), 4, 4, 3 ),  ( (select @foreignkey), 4, 4, 4 ),  ( (select @foreignkey), 4, 4, 5 );



insert into mdl_user (firstname, lastname, username, password, email, idnumber)  values ( 'Student120', 'StudentLastName120', 'student120', 'symmetricalSpoon#1', 'student120@cmput401.ca', '1860282' );

insert into mdl_mem_booklet_data (student_id, prof_id, course_id, year_semester_origin, max_pages)  values ( '1860282', 0, '8', '2016 FALL', 5 );

SET @foreignkey=(select last_insert_id());
insert into mdl_mem_mark_stats (booklet_id, total_booklet_score, total_booklet_score_max) values ( (select @foreignkey), 11, 20 );

insert into mdl_mem_pages (booklet_id, page_marks, page_marks_max, page_num) values ( (select @foreignkey), 2, 4, 1 ),  ( (select @foreignkey), 2, 4, 2 ),  ( (select @foreignkey), 2, 4, 3 ),  ( (select @foreignkey), 2, 4, 4 ),  ( (select @foreignkey), 2, 4, 5 );



insert into mdl_user (firstname, lastname, username, password, email, idnumber)  values ( 'Student121', 'StudentLastName121', 'student121', 'symmetricalSpoon#1', 'student121@cmput401.ca', '2293902' );

insert into mdl_mem_booklet_data (student_id, prof_id, course_id, year_semester_origin, max_pages)  values ( '2293902', 3, '8', '2016 FALL', 5 );

SET @foreignkey=(select last_insert_id());
insert into mdl_mem_mark_stats (booklet_id, total_booklet_score, total_booklet_score_max) values ( (select @foreignkey), 6, 20 );

insert into mdl_mem_pages (booklet_id, page_marks, page_marks_max, page_num) values ( (select @foreignkey), 1, 4, 1 ),  ( (select @foreignkey), 1, 4, 2 ),  ( (select @foreignkey), 1, 4, 3 ),  ( (select @foreignkey), 1, 4, 4 ),  ( (select @foreignkey), 1, 4, 5 );



insert into mdl_user (firstname, lastname, username, password, email, idnumber)  values ( 'Student122', 'StudentLastName122', 'student122', 'symmetricalSpoon#1', 'student122@cmput401.ca', '3864726' );

insert into mdl_mem_booklet_data (student_id, prof_id, course_id, year_semester_origin, max_pages)  values ( '3864726', 3, '8', '2016 FALL', 5 );

SET @foreignkey=(select last_insert_id());
insert into mdl_mem_mark_stats (booklet_id, total_booklet_score, total_booklet_score_max) values ( (select @foreignkey), 14, 20 );

insert into mdl_mem_pages (booklet_id, page_marks, page_marks_max, page_num) values ( (select @foreignkey), 3, 4, 1 ),  ( (select @foreignkey), 3, 4, 2 ),  ( (select @foreignkey), 3, 4, 3 ),  ( (select @foreignkey), 3, 4, 4 ),  ( (select @foreignkey), 3, 4, 5 );



insert into mdl_user (firstname, lastname, username, password, email, idnumber)  values ( 'Student123', 'StudentLastName123', 'student123', 'symmetricalSpoon#1', 'student123@cmput401.ca', '5231394' );

insert into mdl_mem_booklet_data (student_id, prof_id, course_id, year_semester_origin, max_pages)  values ( '5231394', 0, '8', '2016 FALL', 5 );

SET @foreignkey=(select last_insert_id());
insert into mdl_mem_mark_stats (booklet_id, total_booklet_score, total_booklet_score_max) values ( (select @foreignkey), 5, 20 );

insert into mdl_mem_pages (booklet_id, page_marks, page_marks_max, page_num) values ( (select @foreignkey), 1, 4, 1 ),  ( (select @foreignkey), 1, 4, 2 ),  ( (select @foreignkey), 1, 4, 3 ),  ( (select @foreignkey), 1, 4, 4 ),  ( (select @foreignkey), 1, 4, 5 );



insert into mdl_user (firstname, lastname, username, password, email, idnumber)  values ( 'Student124', 'StudentLastName124', 'student124', 'symmetricalSpoon#1', 'student124@cmput401.ca', '2211538' );

insert into mdl_mem_booklet_data (student_id, prof_id, course_id, year_semester_origin, max_pages)  values ( '2211538', 3, '8', '2016 FALL', 5 );

SET @foreignkey=(select last_insert_id());
insert into mdl_mem_mark_stats (booklet_id, total_booklet_score, total_booklet_score_max) values ( (select @foreignkey), 13, 20 );

insert into mdl_mem_pages (booklet_id, page_marks, page_marks_max, page_num) values ( (select @foreignkey), 3, 4, 1 ),  ( (select @foreignkey), 3, 4, 2 ),  ( (select @foreignkey), 3, 4, 3 ),  ( (select @foreignkey), 3, 4, 4 ),  ( (select @foreignkey), 3, 4, 5 );



insert into mdl_user (firstname, lastname, username, password, email, idnumber)  values ( 'Student125', 'StudentLastName125', 'student125', 'symmetricalSpoon#1', 'student125@cmput401.ca', '5195167' );

insert into mdl_mem_booklet_data (student_id, prof_id, course_id, year_semester_origin, max_pages)  values ( '5195167', 0, '8', '2016 FALL', 5 );

SET @foreignkey=(select last_insert_id());
insert into mdl_mem_mark_stats (booklet_id, total_booklet_score, total_booklet_score_max) values ( (select @foreignkey), 8, 20 );

insert into mdl_mem_pages (booklet_id, page_marks, page_marks_max, page_num) values ( (select @foreignkey), 2, 4, 1 ),  ( (select @foreignkey), 2, 4, 2 ),  ( (select @foreignkey), 2, 4, 3 ),  ( (select @foreignkey), 2, 4, 4 ),  ( (select @foreignkey), 2, 4, 5 );



insert into mdl_user (firstname, lastname, username, password, email, idnumber)  values ( 'Student126', 'StudentLastName126', 'student126', 'symmetricalSpoon#1', 'student126@cmput401.ca', '6307564' );

insert into mdl_mem_booklet_data (student_id, prof_id, course_id, year_semester_origin, max_pages)  values ( '6307564', 0, '8', '2016 FALL', 5 );

SET @foreignkey=(select last_insert_id());
insert into mdl_mem_mark_stats (booklet_id, total_booklet_score, total_booklet_score_max) values ( (select @foreignkey), 14, 20 );

insert into mdl_mem_pages (booklet_id, page_marks, page_marks_max, page_num) values ( (select @foreignkey), 3, 4, 1 ),  ( (select @foreignkey), 3, 4, 2 ),  ( (select @foreignkey), 3, 4, 3 ),  ( (select @foreignkey), 3, 4, 4 ),  ( (select @foreignkey), 3, 4, 5 );



insert into mdl_user (firstname, lastname, username, password, email, idnumber)  values ( 'Student127', 'StudentLastName127', 'student127', 'symmetricalSpoon#1', 'student127@cmput401.ca', '1634013' );

insert into mdl_mem_booklet_data (student_id, prof_id, course_id, year_semester_origin, max_pages)  values ( '1634013', 0, '8', '2016 FALL', 5 );

SET @foreignkey=(select last_insert_id());
insert into mdl_mem_mark_stats (booklet_id, total_booklet_score, total_booklet_score_max) values ( (select @foreignkey), 18, 20 );

insert into mdl_mem_pages (booklet_id, page_marks, page_marks_max, page_num) values ( (select @foreignkey), 4, 4, 1 ),  ( (select @foreignkey), 4, 4, 2 ),  ( (select @foreignkey), 4, 4, 3 ),  ( (select @foreignkey), 4, 4, 4 ),  ( (select @foreignkey), 4, 4, 5 );



insert into mdl_user (firstname, lastname, username, password, email, idnumber)  values ( 'Student128', 'StudentLastName128', 'student128', 'symmetricalSpoon#1', 'student128@cmput401.ca', '3732783' );

insert into mdl_mem_booklet_data (student_id, prof_id, course_id, year_semester_origin, max_pages)  values ( '3732783', 1, '8', '2016 FALL', 5 );

SET @foreignkey=(select last_insert_id());
insert into mdl_mem_mark_stats (booklet_id, total_booklet_score, total_booklet_score_max) values ( (select @foreignkey), 13, 20 );

insert into mdl_mem_pages (booklet_id, page_marks, page_marks_max, page_num) values ( (select @foreignkey), 3, 4, 1 ),  ( (select @foreignkey), 3, 4, 2 ),  ( (select @foreignkey), 3, 4, 3 ),  ( (select @foreignkey), 3, 4, 4 ),  ( (select @foreignkey), 3, 4, 5 );



insert into mdl_user (firstname, lastname, username, password, email, idnumber)  values ( 'Student129', 'StudentLastName129', 'student129', 'symmetricalSpoon#1', 'student129@cmput401.ca', '7215000' );

insert into mdl_mem_booklet_data (student_id, prof_id, course_id, year_semester_origin, max_pages)  values ( '7215000', 2, '8', '2016 FALL', 5 );

SET @foreignkey=(select last_insert_id());
insert into mdl_mem_mark_stats (booklet_id, total_booklet_score, total_booklet_score_max) values ( (select @foreignkey), 12, 20 );

insert into mdl_mem_pages (booklet_id, page_marks, page_marks_max, page_num) values ( (select @foreignkey), 3, 4, 1 ),  ( (select @foreignkey), 3, 4, 2 ),  ( (select @foreignkey), 3, 4, 3 ),  ( (select @foreignkey), 3, 4, 4 ),  ( (select @foreignkey), 3, 4, 5 );



insert into mdl_user (firstname, lastname, username, password, email, idnumber)  values ( 'Student130', 'StudentLastName130', 'student130', 'symmetricalSpoon#1', 'student130@cmput401.ca', '880113' );

insert into mdl_mem_booklet_data (student_id, prof_id, course_id, year_semester_origin, max_pages)  values ( '880113', 1, '8', '2016 FALL', 5 );

SET @foreignkey=(select last_insert_id());
insert into mdl_mem_mark_stats (booklet_id, total_booklet_score, total_booklet_score_max) values ( (select @foreignkey), 15, 20 );

insert into mdl_mem_pages (booklet_id, page_marks, page_marks_max, page_num) values ( (select @foreignkey), 3, 4, 1 ),  ( (select @foreignkey), 3, 4, 2 ),  ( (select @foreignkey), 3, 4, 3 ),  ( (select @foreignkey), 3, 4, 4 ),  ( (select @foreignkey), 3, 4, 5 );



insert into mdl_user (firstname, lastname, username, password, email, idnumber)  values ( 'Student131', 'StudentLastName131', 'student131', 'symmetricalSpoon#1', 'student131@cmput401.ca', '4944755' );

insert into mdl_mem_booklet_data (student_id, prof_id, course_id, year_semester_origin, max_pages)  values ( '4944755', 1, '8', '2016 FALL', 5 );

SET @foreignkey=(select last_insert_id());
insert into mdl_mem_mark_stats (booklet_id, total_booklet_score, total_booklet_score_max) values ( (select @foreignkey), 14, 20 );

insert into mdl_mem_pages (booklet_id, page_marks, page_marks_max, page_num) values ( (select @foreignkey), 3, 4, 1 ),  ( (select @foreignkey), 3, 4, 2 ),  ( (select @foreignkey), 3, 4, 3 ),  ( (select @foreignkey), 3, 4, 4 ),  ( (select @foreignkey), 3, 4, 5 );



insert into mdl_user (firstname, lastname, username, password, email, idnumber)  values ( 'Student132', 'StudentLastName132', 'student132', 'symmetricalSpoon#1', 'student132@cmput401.ca', '7183048' );

insert into mdl_mem_booklet_data (student_id, prof_id, course_id, year_semester_origin, max_pages)  values ( '7183048', 0, '8', '2016 FALL', 5 );

SET @foreignkey=(select last_insert_id());
insert into mdl_mem_mark_stats (booklet_id, total_booklet_score, total_booklet_score_max) values ( (select @foreignkey), 19, 20 );

insert into mdl_mem_pages (booklet_id, page_marks, page_marks_max, page_num) values ( (select @foreignkey), 4, 4, 1 ),  ( (select @foreignkey), 4, 4, 2 ),  ( (select @foreignkey), 4, 4, 3 ),  ( (select @foreignkey), 4, 4, 4 ),  ( (select @foreignkey), 4, 4, 5 );



insert into mdl_user (firstname, lastname, username, password, email, idnumber)  values ( 'Student133', 'StudentLastName133', 'student133', 'symmetricalSpoon#1', 'student133@cmput401.ca', '5170122' );

insert into mdl_mem_booklet_data (student_id, prof_id, course_id, year_semester_origin, max_pages)  values ( '5170122', 2, '8', '2016 FALL', 5 );

SET @foreignkey=(select last_insert_id());
insert into mdl_mem_mark_stats (booklet_id, total_booklet_score, total_booklet_score_max) values ( (select @foreignkey), 5, 20 );

insert into mdl_mem_pages (booklet_id, page_marks, page_marks_max, page_num) values ( (select @foreignkey), 1, 4, 1 ),  ( (select @foreignkey), 1, 4, 2 ),  ( (select @foreignkey), 1, 4, 3 ),  ( (select @foreignkey), 1, 4, 4 ),  ( (select @foreignkey), 1, 4, 5 );



insert into mdl_user (firstname, lastname, username, password, email, idnumber)  values ( 'Student134', 'StudentLastName134', 'student134', 'symmetricalSpoon#1', 'student134@cmput401.ca', '7876468' );

insert into mdl_mem_booklet_data (student_id, prof_id, course_id, year_semester_origin, max_pages)  values ( '7876468', 3, '8', '2016 FALL', 5 );

SET @foreignkey=(select last_insert_id());
insert into mdl_mem_mark_stats (booklet_id, total_booklet_score, total_booklet_score_max) values ( (select @foreignkey), 10, 20 );

insert into mdl_mem_pages (booklet_id, page_marks, page_marks_max, page_num) values ( (select @foreignkey), 2, 4, 1 ),  ( (select @foreignkey), 2, 4, 2 ),  ( (select @foreignkey), 2, 4, 3 ),  ( (select @foreignkey), 2, 4, 4 ),  ( (select @foreignkey), 2, 4, 5 );



insert into mdl_user (firstname, lastname, username, password, email, idnumber)  values ( 'Student135', 'StudentLastName135', 'student135', 'symmetricalSpoon#1', 'student135@cmput401.ca', '6356436' );

insert into mdl_mem_booklet_data (student_id, prof_id, course_id, year_semester_origin, max_pages)  values ( '6356436', 2, '8', '2016 FALL', 5 );

SET @foreignkey=(select last_insert_id());
insert into mdl_mem_mark_stats (booklet_id, total_booklet_score, total_booklet_score_max) values ( (select @foreignkey), 14, 20 );

insert into mdl_mem_pages (booklet_id, page_marks, page_marks_max, page_num) values ( (select @foreignkey), 3, 4, 1 ),  ( (select @foreignkey), 3, 4, 2 ),  ( (select @foreignkey), 3, 4, 3 ),  ( (select @foreignkey), 3, 4, 4 ),  ( (select @foreignkey), 3, 4, 5 );



insert into mdl_user (firstname, lastname, username, password, email, idnumber)  values ( 'Student136', 'StudentLastName136', 'student136', 'symmetricalSpoon#1', 'student136@cmput401.ca', '9717152' );

insert into mdl_mem_booklet_data (student_id, prof_id, course_id, year_semester_origin, max_pages)  values ( '9717152', 2, '8', '2016 FALL', 5 );

SET @foreignkey=(select last_insert_id());
insert into mdl_mem_mark_stats (booklet_id, total_booklet_score, total_booklet_score_max) values ( (select @foreignkey), 2, 20 );

insert into mdl_mem_pages (booklet_id, page_marks, page_marks_max, page_num) values ( (select @foreignkey), 0, 4, 1 ),  ( (select @foreignkey), 0, 4, 2 ),  ( (select @foreignkey), 0, 4, 3 ),  ( (select @foreignkey), 0, 4, 4 ),  ( (select @foreignkey), 0, 4, 5 );



insert into mdl_user (firstname, lastname, username, password, email, idnumber)  values ( 'Student137', 'StudentLastName137', 'student137', 'symmetricalSpoon#1', 'student137@cmput401.ca', '7254891' );

insert into mdl_mem_booklet_data (student_id, prof_id, course_id, year_semester_origin, max_pages)  values ( '7254891', 1, '8', '2016 FALL', 5 );

SET @foreignkey=(select last_insert_id());
insert into mdl_mem_mark_stats (booklet_id, total_booklet_score, total_booklet_score_max) values ( (select @foreignkey), 7, 20 );

insert into mdl_mem_pages (booklet_id, page_marks, page_marks_max, page_num) values ( (select @foreignkey), 1, 4, 1 ),  ( (select @foreignkey), 1, 4, 2 ),  ( (select @foreignkey), 1, 4, 3 ),  ( (select @foreignkey), 1, 4, 4 ),  ( (select @foreignkey), 1, 4, 5 );



insert into mdl_user (firstname, lastname, username, password, email, idnumber)  values ( 'Student138', 'StudentLastName138', 'student138', 'symmetricalSpoon#1', 'student138@cmput401.ca', '8675440' );

insert into mdl_mem_booklet_data (student_id, prof_id, course_id, year_semester_origin, max_pages)  values ( '8675440', 0, '8', '2016 FALL', 5 );

SET @foreignkey=(select last_insert_id());
insert into mdl_mem_mark_stats (booklet_id, total_booklet_score, total_booklet_score_max) values ( (select @foreignkey), 7, 20 );

insert into mdl_mem_pages (booklet_id, page_marks, page_marks_max, page_num) values ( (select @foreignkey), 1, 4, 1 ),  ( (select @foreignkey), 1, 4, 2 ),  ( (select @foreignkey), 1, 4, 3 ),  ( (select @foreignkey), 1, 4, 4 ),  ( (select @foreignkey), 1, 4, 5 );



insert into mdl_user (firstname, lastname, username, password, email, idnumber)  values ( 'Student139', 'StudentLastName139', 'student139', 'symmetricalSpoon#1', 'student139@cmput401.ca', '9138227' );

insert into mdl_mem_booklet_data (student_id, prof_id, course_id, year_semester_origin, max_pages)  values ( '9138227', 2, '8', '2016 FALL', 5 );

SET @foreignkey=(select last_insert_id());
insert into mdl_mem_mark_stats (booklet_id, total_booklet_score, total_booklet_score_max) values ( (select @foreignkey), 20, 20 );

insert into mdl_mem_pages (booklet_id, page_marks, page_marks_max, page_num) values ( (select @foreignkey), 5, 4, 1 ),  ( (select @foreignkey), 5, 4, 2 ),  ( (select @foreignkey), 5, 4, 3 ),  ( (select @foreignkey), 5, 4, 4 ),  ( (select @foreignkey), 5, 4, 5 );



insert into mdl_user (firstname, lastname, username, password, email, idnumber)  values ( 'Student140', 'StudentLastName140', 'student140', 'symmetricalSpoon#1', 'student140@cmput401.ca', '1072527' );

insert into mdl_mem_booklet_data (student_id, prof_id, course_id, year_semester_origin, max_pages)  values ( '1072527', 3, '8', '2016 FALL', 5 );

SET @foreignkey=(select last_insert_id());
insert into mdl_mem_mark_stats (booklet_id, total_booklet_score, total_booklet_score_max) values ( (select @foreignkey), 12, 20 );

insert into mdl_mem_pages (booklet_id, page_marks, page_marks_max, page_num) values ( (select @foreignkey), 3, 4, 1 ),  ( (select @foreignkey), 3, 4, 2 ),  ( (select @foreignkey), 3, 4, 3 ),  ( (select @foreignkey), 3, 4, 4 ),  ( (select @foreignkey), 3, 4, 5 );



insert into mdl_user (firstname, lastname, username, password, email, idnumber)  values ( 'Student141', 'StudentLastName141', 'student141', 'symmetricalSpoon#1', 'student141@cmput401.ca', '5451997' );

insert into mdl_mem_booklet_data (student_id, prof_id, course_id, year_semester_origin, max_pages)  values ( '5451997', 3, '8', '2016 FALL', 5 );

SET @foreignkey=(select last_insert_id());
insert into mdl_mem_mark_stats (booklet_id, total_booklet_score, total_booklet_score_max) values ( (select @foreignkey), 20, 20 );

insert into mdl_mem_pages (booklet_id, page_marks, page_marks_max, page_num) values ( (select @foreignkey), 5, 4, 1 ),  ( (select @foreignkey), 5, 4, 2 ),  ( (select @foreignkey), 5, 4, 3 ),  ( (select @foreignkey), 5, 4, 4 ),  ( (select @foreignkey), 5, 4, 5 );



insert into mdl_user (firstname, lastname, username, password, email, idnumber)  values ( 'Student142', 'StudentLastName142', 'student142', 'symmetricalSpoon#1', 'student142@cmput401.ca', '640830' );

insert into mdl_mem_booklet_data (student_id, prof_id, course_id, year_semester_origin, max_pages)  values ( '640830', 0, '8', '2016 FALL', 5 );

SET @foreignkey=(select last_insert_id());
insert into mdl_mem_mark_stats (booklet_id, total_booklet_score, total_booklet_score_max) values ( (select @foreignkey), 12, 20 );

insert into mdl_mem_pages (booklet_id, page_marks, page_marks_max, page_num) values ( (select @foreignkey), 3, 4, 1 ),  ( (select @foreignkey), 3, 4, 2 ),  ( (select @foreignkey), 3, 4, 3 ),  ( (select @foreignkey), 3, 4, 4 ),  ( (select @foreignkey), 3, 4, 5 );



insert into mdl_user (firstname, lastname, username, password, email, idnumber)  values ( 'Student143', 'StudentLastName143', 'student143', 'symmetricalSpoon#1', 'student143@cmput401.ca', '3817451' );

insert into mdl_mem_booklet_data (student_id, prof_id, course_id, year_semester_origin, max_pages)  values ( '3817451', 2, '8', '2016 FALL', 5 );

SET @foreignkey=(select last_insert_id());
insert into mdl_mem_mark_stats (booklet_id, total_booklet_score, total_booklet_score_max) values ( (select @foreignkey), 0, 20 );

insert into mdl_mem_pages (booklet_id, page_marks, page_marks_max, page_num) values ( (select @foreignkey), 0, 4, 1 ),  ( (select @foreignkey), 0, 4, 2 ),  ( (select @foreignkey), 0, 4, 3 ),  ( (select @foreignkey), 0, 4, 4 ),  ( (select @foreignkey), 0, 4, 5 );



insert into mdl_user (firstname, lastname, username, password, email, idnumber)  values ( 'Student144', 'StudentLastName144', 'student144', 'symmetricalSpoon#1', 'student144@cmput401.ca', '3110699' );

insert into mdl_mem_booklet_data (student_id, prof_id, course_id, year_semester_origin, max_pages)  values ( '3110699', 3, '8', '2016 FALL', 5 );

SET @foreignkey=(select last_insert_id());
insert into mdl_mem_mark_stats (booklet_id, total_booklet_score, total_booklet_score_max) values ( (select @foreignkey), 12, 20 );

insert into mdl_mem_pages (booklet_id, page_marks, page_marks_max, page_num) values ( (select @foreignkey), 3, 4, 1 ),  ( (select @foreignkey), 3, 4, 2 ),  ( (select @foreignkey), 3, 4, 3 ),  ( (select @foreignkey), 3, 4, 4 ),  ( (select @foreignkey), 3, 4, 5 );



insert into mdl_user (firstname, lastname, username, password, email, idnumber)  values ( 'Student145', 'StudentLastName145', 'student145', 'symmetricalSpoon#1', 'student145@cmput401.ca', '9915630' );

insert into mdl_mem_booklet_data (student_id, prof_id, course_id, year_semester_origin, max_pages)  values ( '9915630', 2, '8', '2016 FALL', 5 );

SET @foreignkey=(select last_insert_id());
insert into mdl_mem_mark_stats (booklet_id, total_booklet_score, total_booklet_score_max) values ( (select @foreignkey), 14, 20 );

insert into mdl_mem_pages (booklet_id, page_marks, page_marks_max, page_num) values ( (select @foreignkey), 3, 4, 1 ),  ( (select @foreignkey), 3, 4, 2 ),  ( (select @foreignkey), 3, 4, 3 ),  ( (select @foreignkey), 3, 4, 4 ),  ( (select @foreignkey), 3, 4, 5 );



insert into mdl_user (firstname, lastname, username, password, email, idnumber)  values ( 'Student146', 'StudentLastName146', 'student146', 'symmetricalSpoon#1', 'student146@cmput401.ca', '8819853' );

insert into mdl_mem_booklet_data (student_id, prof_id, course_id, year_semester_origin, max_pages)  values ( '8819853', 2, '8', '2016 FALL', 5 );

SET @foreignkey=(select last_insert_id());
insert into mdl_mem_mark_stats (booklet_id, total_booklet_score, total_booklet_score_max) values ( (select @foreignkey), 13, 20 );

insert into mdl_mem_pages (booklet_id, page_marks, page_marks_max, page_num) values ( (select @foreignkey), 3, 4, 1 ),  ( (select @foreignkey), 3, 4, 2 ),  ( (select @foreignkey), 3, 4, 3 ),  ( (select @foreignkey), 3, 4, 4 ),  ( (select @foreignkey), 3, 4, 5 );



insert into mdl_user (firstname, lastname, username, password, email, idnumber)  values ( 'Student147', 'StudentLastName147', 'student147', 'symmetricalSpoon#1', 'student147@cmput401.ca', '599301' );

insert into mdl_mem_booklet_data (student_id, prof_id, course_id, year_semester_origin, max_pages)  values ( '599301', 0, '8', '2016 FALL', 5 );

SET @foreignkey=(select last_insert_id());
insert into mdl_mem_mark_stats (booklet_id, total_booklet_score, total_booklet_score_max) values ( (select @foreignkey), 18, 20 );

insert into mdl_mem_pages (booklet_id, page_marks, page_marks_max, page_num) values ( (select @foreignkey), 4, 4, 1 ),  ( (select @foreignkey), 4, 4, 2 ),  ( (select @foreignkey), 4, 4, 3 ),  ( (select @foreignkey), 4, 4, 4 ),  ( (select @foreignkey), 4, 4, 5 );



insert into mdl_user (firstname, lastname, username, password, email, idnumber)  values ( 'Student148', 'StudentLastName148', 'student148', 'symmetricalSpoon#1', 'student148@cmput401.ca', '8694522' );

insert into mdl_mem_booklet_data (student_id, prof_id, course_id, year_semester_origin, max_pages)  values ( '8694522', 0, '8', '2016 FALL', 5 );

SET @foreignkey=(select last_insert_id());
insert into mdl_mem_mark_stats (booklet_id, total_booklet_score, total_booklet_score_max) values ( (select @foreignkey), 0, 20 );

insert into mdl_mem_pages (booklet_id, page_marks, page_marks_max, page_num) values ( (select @foreignkey), 0, 4, 1 ),  ( (select @foreignkey), 0, 4, 2 ),  ( (select @foreignkey), 0, 4, 3 ),  ( (select @foreignkey), 0, 4, 4 ),  ( (select @foreignkey), 0, 4, 5 );



insert into mdl_user (firstname, lastname, username, password, email, idnumber)  values ( 'Student149', 'StudentLastName149', 'student149', 'symmetricalSpoon#1', 'student149@cmput401.ca', '1828016' );

insert into mdl_mem_booklet_data (student_id, prof_id, course_id, year_semester_origin, max_pages)  values ( '1828016', 1, '8', '2016 FALL', 5 );

SET @foreignkey=(select last_insert_id());
insert into mdl_mem_mark_stats (booklet_id, total_booklet_score, total_booklet_score_max) values ( (select @foreignkey), 12, 20 );

insert into mdl_mem_pages (booklet_id, page_marks, page_marks_max, page_num) values ( (select @foreignkey), 3, 4, 1 ),  ( (select @foreignkey), 3, 4, 2 ),  ( (select @foreignkey), 3, 4, 3 ),  ( (select @foreignkey), 3, 4, 4 ),  ( (select @foreignkey), 3, 4, 5 );



insert into mdl_user (firstname, lastname, username, password, email, idnumber)  values ( 'Student150', 'StudentLastName150', 'student150', 'symmetricalSpoon#1', 'student150@cmput401.ca', '2346049' );

insert into mdl_mem_booklet_data (student_id, prof_id, course_id, year_semester_origin, max_pages)  values ( '2346049', 1, '8', '2016 FALL', 5 );

SET @foreignkey=(select last_insert_id());
insert into mdl_mem_mark_stats (booklet_id, total_booklet_score, total_booklet_score_max) values ( (select @foreignkey), 10, 20 );

insert into mdl_mem_pages (booklet_id, page_marks, page_marks_max, page_num) values ( (select @foreignkey), 2, 4, 1 ),  ( (select @foreignkey), 2, 4, 2 ),  ( (select @foreignkey), 2, 4, 3 ),  ( (select @foreignkey), 2, 4, 4 ),  ( (select @foreignkey), 2, 4, 5 );



insert into mdl_user (firstname, lastname, username, password, email, idnumber)  values ( 'Student151', 'StudentLastName151', 'student151', 'symmetricalSpoon#1', 'student151@cmput401.ca', '3401235' );

insert into mdl_mem_booklet_data (student_id, prof_id, course_id, year_semester_origin, max_pages)  values ( '3401235', 0, '8', '2016 FALL', 5 );

SET @foreignkey=(select last_insert_id());
insert into mdl_mem_mark_stats (booklet_id, total_booklet_score, total_booklet_score_max) values ( (select @foreignkey), 0, 20 );

insert into mdl_mem_pages (booklet_id, page_marks, page_marks_max, page_num) values ( (select @foreignkey), 0, 4, 1 ),  ( (select @foreignkey), 0, 4, 2 ),  ( (select @foreignkey), 0, 4, 3 ),  ( (select @foreignkey), 0, 4, 4 ),  ( (select @foreignkey), 0, 4, 5 );



insert into mdl_user (firstname, lastname, username, password, email, idnumber)  values ( 'Student152', 'StudentLastName152', 'student152', 'symmetricalSpoon#1', 'student152@cmput401.ca', '8829351' );

insert into mdl_mem_booklet_data (student_id, prof_id, course_id, year_semester_origin, max_pages)  values ( '8829351', 1, '8', '2016 FALL', 5 );

SET @foreignkey=(select last_insert_id());
insert into mdl_mem_mark_stats (booklet_id, total_booklet_score, total_booklet_score_max) values ( (select @foreignkey), 4, 20 );

insert into mdl_mem_pages (booklet_id, page_marks, page_marks_max, page_num) values ( (select @foreignkey), 1, 4, 1 ),  ( (select @foreignkey), 1, 4, 2 ),  ( (select @foreignkey), 1, 4, 3 ),  ( (select @foreignkey), 1, 4, 4 ),  ( (select @foreignkey), 1, 4, 5 );



insert into mdl_user (firstname, lastname, username, password, email, idnumber)  values ( 'Student153', 'StudentLastName153', 'student153', 'symmetricalSpoon#1', 'student153@cmput401.ca', '5362502' );

insert into mdl_mem_booklet_data (student_id, prof_id, course_id, year_semester_origin, max_pages)  values ( '5362502', 0, '8', '2016 FALL', 5 );

SET @foreignkey=(select last_insert_id());
insert into mdl_mem_mark_stats (booklet_id, total_booklet_score, total_booklet_score_max) values ( (select @foreignkey), 13, 20 );

insert into mdl_mem_pages (booklet_id, page_marks, page_marks_max, page_num) values ( (select @foreignkey), 3, 4, 1 ),  ( (select @foreignkey), 3, 4, 2 ),  ( (select @foreignkey), 3, 4, 3 ),  ( (select @foreignkey), 3, 4, 4 ),  ( (select @foreignkey), 3, 4, 5 );



insert into mdl_user (firstname, lastname, username, password, email, idnumber)  values ( 'Student154', 'StudentLastName154', 'student154', 'symmetricalSpoon#1', 'student154@cmput401.ca', '7492239' );

insert into mdl_mem_booklet_data (student_id, prof_id, course_id, year_semester_origin, max_pages)  values ( '7492239', 1, '8', '2016 FALL', 5 );

SET @foreignkey=(select last_insert_id());
insert into mdl_mem_mark_stats (booklet_id, total_booklet_score, total_booklet_score_max) values ( (select @foreignkey), 12, 20 );

insert into mdl_mem_pages (booklet_id, page_marks, page_marks_max, page_num) values ( (select @foreignkey), 3, 4, 1 ),  ( (select @foreignkey), 3, 4, 2 ),  ( (select @foreignkey), 3, 4, 3 ),  ( (select @foreignkey), 3, 4, 4 ),  ( (select @foreignkey), 3, 4, 5 );



insert into mdl_user (firstname, lastname, username, password, email, idnumber)  values ( 'Student155', 'StudentLastName155', 'student155', 'symmetricalSpoon#1', 'student155@cmput401.ca', '4267436' );

insert into mdl_mem_booklet_data (student_id, prof_id, course_id, year_semester_origin, max_pages)  values ( '4267436', 2, '8', '2016 FALL', 5 );

SET @foreignkey=(select last_insert_id());
insert into mdl_mem_mark_stats (booklet_id, total_booklet_score, total_booklet_score_max) values ( (select @foreignkey), 1, 20 );

insert into mdl_mem_pages (booklet_id, page_marks, page_marks_max, page_num) values ( (select @foreignkey), 0, 4, 1 ),  ( (select @foreignkey), 0, 4, 2 ),  ( (select @foreignkey), 0, 4, 3 ),  ( (select @foreignkey), 0, 4, 4 ),  ( (select @foreignkey), 0, 4, 5 );



insert into mdl_user (firstname, lastname, username, password, email, idnumber)  values ( 'Student156', 'StudentLastName156', 'student156', 'symmetricalSpoon#1', 'student156@cmput401.ca', '8773589' );

insert into mdl_mem_booklet_data (student_id, prof_id, course_id, year_semester_origin, max_pages)  values ( '8773589', 2, '8', '2016 FALL', 5 );

SET @foreignkey=(select last_insert_id());
insert into mdl_mem_mark_stats (booklet_id, total_booklet_score, total_booklet_score_max) values ( (select @foreignkey), 2, 20 );

insert into mdl_mem_pages (booklet_id, page_marks, page_marks_max, page_num) values ( (select @foreignkey), 0, 4, 1 ),  ( (select @foreignkey), 0, 4, 2 ),  ( (select @foreignkey), 0, 4, 3 ),  ( (select @foreignkey), 0, 4, 4 ),  ( (select @foreignkey), 0, 4, 5 );



insert into mdl_user (firstname, lastname, username, password, email, idnumber)  values ( 'Student157', 'StudentLastName157', 'student157', 'symmetricalSpoon#1', 'student157@cmput401.ca', '8401168' );

insert into mdl_mem_booklet_data (student_id, prof_id, course_id, year_semester_origin, max_pages)  values ( '8401168', 3, '8', '2016 FALL', 5 );

SET @foreignkey=(select last_insert_id());
insert into mdl_mem_mark_stats (booklet_id, total_booklet_score, total_booklet_score_max) values ( (select @foreignkey), 18, 20 );

insert into mdl_mem_pages (booklet_id, page_marks, page_marks_max, page_num) values ( (select @foreignkey), 4, 4, 1 ),  ( (select @foreignkey), 4, 4, 2 ),  ( (select @foreignkey), 4, 4, 3 ),  ( (select @foreignkey), 4, 4, 4 ),  ( (select @foreignkey), 4, 4, 5 );



insert into mdl_user (firstname, lastname, username, password, email, idnumber)  values ( 'Student158', 'StudentLastName158', 'student158', 'symmetricalSpoon#1', 'student158@cmput401.ca', '4486625' );

insert into mdl_mem_booklet_data (student_id, prof_id, course_id, year_semester_origin, max_pages)  values ( '4486625', 0, '8', '2016 FALL', 5 );

SET @foreignkey=(select last_insert_id());
insert into mdl_mem_mark_stats (booklet_id, total_booklet_score, total_booklet_score_max) values ( (select @foreignkey), 3, 20 );

insert into mdl_mem_pages (booklet_id, page_marks, page_marks_max, page_num) values ( (select @foreignkey), 0, 4, 1 ),  ( (select @foreignkey), 0, 4, 2 ),  ( (select @foreignkey), 0, 4, 3 ),  ( (select @foreignkey), 0, 4, 4 ),  ( (select @foreignkey), 0, 4, 5 );



insert into mdl_user (firstname, lastname, username, password, email, idnumber)  values ( 'Student159', 'StudentLastName159', 'student159', 'symmetricalSpoon#1', 'student159@cmput401.ca', '443336' );

insert into mdl_mem_booklet_data (student_id, prof_id, course_id, year_semester_origin, max_pages)  values ( '443336', 0, '8', '2016 FALL', 5 );

SET @foreignkey=(select last_insert_id());
insert into mdl_mem_mark_stats (booklet_id, total_booklet_score, total_booklet_score_max) values ( (select @foreignkey), 8, 20 );

insert into mdl_mem_pages (booklet_id, page_marks, page_marks_max, page_num) values ( (select @foreignkey), 2, 4, 1 ),  ( (select @foreignkey), 2, 4, 2 ),  ( (select @foreignkey), 2, 4, 3 ),  ( (select @foreignkey), 2, 4, 4 ),  ( (select @foreignkey), 2, 4, 5 );



insert into mdl_user (firstname, lastname, username, password, email, idnumber)  values ( 'Student160', 'StudentLastName160', 'student160', 'symmetricalSpoon#1', 'student160@cmput401.ca', '3597221' );

insert into mdl_mem_booklet_data (student_id, prof_id, course_id, year_semester_origin, max_pages)  values ( '3597221', 2, '8', '2016 FALL', 5 );

SET @foreignkey=(select last_insert_id());
insert into mdl_mem_mark_stats (booklet_id, total_booklet_score, total_booklet_score_max) values ( (select @foreignkey), 20, 20 );

insert into mdl_mem_pages (booklet_id, page_marks, page_marks_max, page_num) values ( (select @foreignkey), 5, 4, 1 ),  ( (select @foreignkey), 5, 4, 2 ),  ( (select @foreignkey), 5, 4, 3 ),  ( (select @foreignkey), 5, 4, 4 ),  ( (select @foreignkey), 5, 4, 5 );



insert into mdl_user (firstname, lastname, username, password, email, idnumber)  values ( 'Student161', 'StudentLastName161', 'student161', 'symmetricalSpoon#1', 'student161@cmput401.ca', '6355714' );

insert into mdl_mem_booklet_data (student_id, prof_id, course_id, year_semester_origin, max_pages)  values ( '6355714', 3, '8', '2016 FALL', 5 );

SET @foreignkey=(select last_insert_id());
insert into mdl_mem_mark_stats (booklet_id, total_booklet_score, total_booklet_score_max) values ( (select @foreignkey), 9, 20 );

insert into mdl_mem_pages (booklet_id, page_marks, page_marks_max, page_num) values ( (select @foreignkey), 2, 4, 1 ),  ( (select @foreignkey), 2, 4, 2 ),  ( (select @foreignkey), 2, 4, 3 ),  ( (select @foreignkey), 2, 4, 4 ),  ( (select @foreignkey), 2, 4, 5 );



insert into mdl_user (firstname, lastname, username, password, email, idnumber)  values ( 'Student162', 'StudentLastName162', 'student162', 'symmetricalSpoon#1', 'student162@cmput401.ca', '3380055' );

insert into mdl_mem_booklet_data (student_id, prof_id, course_id, year_semester_origin, max_pages)  values ( '3380055', 3, '8', '2016 FALL', 5 );

SET @foreignkey=(select last_insert_id());
insert into mdl_mem_mark_stats (booklet_id, total_booklet_score, total_booklet_score_max) values ( (select @foreignkey), 3, 20 );

insert into mdl_mem_pages (booklet_id, page_marks, page_marks_max, page_num) values ( (select @foreignkey), 0, 4, 1 ),  ( (select @foreignkey), 0, 4, 2 ),  ( (select @foreignkey), 0, 4, 3 ),  ( (select @foreignkey), 0, 4, 4 ),  ( (select @foreignkey), 0, 4, 5 );



insert into mdl_user (firstname, lastname, username, password, email, idnumber)  values ( 'Student163', 'StudentLastName163', 'student163', 'symmetricalSpoon#1', 'student163@cmput401.ca', '4308106' );

insert into mdl_mem_booklet_data (student_id, prof_id, course_id, year_semester_origin, max_pages)  values ( '4308106', 3, '8', '2016 FALL', 5 );

SET @foreignkey=(select last_insert_id());
insert into mdl_mem_mark_stats (booklet_id, total_booklet_score, total_booklet_score_max) values ( (select @foreignkey), 11, 20 );

insert into mdl_mem_pages (booklet_id, page_marks, page_marks_max, page_num) values ( (select @foreignkey), 2, 4, 1 ),  ( (select @foreignkey), 2, 4, 2 ),  ( (select @foreignkey), 2, 4, 3 ),  ( (select @foreignkey), 2, 4, 4 ),  ( (select @foreignkey), 2, 4, 5 );



insert into mdl_user (firstname, lastname, username, password, email, idnumber)  values ( 'Student164', 'StudentLastName164', 'student164', 'symmetricalSpoon#1', 'student164@cmput401.ca', '1446993' );

insert into mdl_mem_booklet_data (student_id, prof_id, course_id, year_semester_origin, max_pages)  values ( '1446993', 1, '8', '2016 FALL', 5 );

SET @foreignkey=(select last_insert_id());
insert into mdl_mem_mark_stats (booklet_id, total_booklet_score, total_booklet_score_max) values ( (select @foreignkey), 4, 20 );

insert into mdl_mem_pages (booklet_id, page_marks, page_marks_max, page_num) values ( (select @foreignkey), 1, 4, 1 ),  ( (select @foreignkey), 1, 4, 2 ),  ( (select @foreignkey), 1, 4, 3 ),  ( (select @foreignkey), 1, 4, 4 ),  ( (select @foreignkey), 1, 4, 5 );



insert into mdl_user (firstname, lastname, username, password, email, idnumber)  values ( 'Student165', 'StudentLastName165', 'student165', 'symmetricalSpoon#1', 'student165@cmput401.ca', '6000567' );

insert into mdl_mem_booklet_data (student_id, prof_id, course_id, year_semester_origin, max_pages)  values ( '6000567', 2, '8', '2016 FALL', 5 );

SET @foreignkey=(select last_insert_id());
insert into mdl_mem_mark_stats (booklet_id, total_booklet_score, total_booklet_score_max) values ( (select @foreignkey), 5, 20 );

insert into mdl_mem_pages (booklet_id, page_marks, page_marks_max, page_num) values ( (select @foreignkey), 1, 4, 1 ),  ( (select @foreignkey), 1, 4, 2 ),  ( (select @foreignkey), 1, 4, 3 ),  ( (select @foreignkey), 1, 4, 4 ),  ( (select @foreignkey), 1, 4, 5 );



insert into mdl_user (firstname, lastname, username, password, email, idnumber)  values ( 'Student166', 'StudentLastName166', 'student166', 'symmetricalSpoon#1', 'student166@cmput401.ca', '1360422' );

insert into mdl_mem_booklet_data (student_id, prof_id, course_id, year_semester_origin, max_pages)  values ( '1360422', 0, '8', '2016 FALL', 5 );

SET @foreignkey=(select last_insert_id());
insert into mdl_mem_mark_stats (booklet_id, total_booklet_score, total_booklet_score_max) values ( (select @foreignkey), 0, 20 );

insert into mdl_mem_pages (booklet_id, page_marks, page_marks_max, page_num) values ( (select @foreignkey), 0, 4, 1 ),  ( (select @foreignkey), 0, 4, 2 ),  ( (select @foreignkey), 0, 4, 3 ),  ( (select @foreignkey), 0, 4, 4 ),  ( (select @foreignkey), 0, 4, 5 );



insert into mdl_user (firstname, lastname, username, password, email, idnumber)  values ( 'Student167', 'StudentLastName167', 'student167', 'symmetricalSpoon#1', 'student167@cmput401.ca', '6802233' );

insert into mdl_mem_booklet_data (student_id, prof_id, course_id, year_semester_origin, max_pages)  values ( '6802233', 1, '8', '2016 FALL', 5 );

SET @foreignkey=(select last_insert_id());
insert into mdl_mem_mark_stats (booklet_id, total_booklet_score, total_booklet_score_max) values ( (select @foreignkey), 5, 20 );

insert into mdl_mem_pages (booklet_id, page_marks, page_marks_max, page_num) values ( (select @foreignkey), 1, 4, 1 ),  ( (select @foreignkey), 1, 4, 2 ),  ( (select @foreignkey), 1, 4, 3 ),  ( (select @foreignkey), 1, 4, 4 ),  ( (select @foreignkey), 1, 4, 5 );



insert into mdl_user (firstname, lastname, username, password, email, idnumber)  values ( 'Student168', 'StudentLastName168', 'student168', 'symmetricalSpoon#1', 'student168@cmput401.ca', '1497543' );

insert into mdl_mem_booklet_data (student_id, prof_id, course_id, year_semester_origin, max_pages)  values ( '1497543', 1, '8', '2016 FALL', 5 );

SET @foreignkey=(select last_insert_id());
insert into mdl_mem_mark_stats (booklet_id, total_booklet_score, total_booklet_score_max) values ( (select @foreignkey), 17, 20 );

insert into mdl_mem_pages (booklet_id, page_marks, page_marks_max, page_num) values ( (select @foreignkey), 4, 4, 1 ),  ( (select @foreignkey), 4, 4, 2 ),  ( (select @foreignkey), 4, 4, 3 ),  ( (select @foreignkey), 4, 4, 4 ),  ( (select @foreignkey), 4, 4, 5 );



insert into mdl_user (firstname, lastname, username, password, email, idnumber)  values ( 'Student169', 'StudentLastName169', 'student169', 'symmetricalSpoon#1', 'student169@cmput401.ca', '2215171' );

insert into mdl_mem_booklet_data (student_id, prof_id, course_id, year_semester_origin, max_pages)  values ( '2215171', 1, '8', '2016 FALL', 5 );

SET @foreignkey=(select last_insert_id());
insert into mdl_mem_mark_stats (booklet_id, total_booklet_score, total_booklet_score_max) values ( (select @foreignkey), 2, 20 );

insert into mdl_mem_pages (booklet_id, page_marks, page_marks_max, page_num) values ( (select @foreignkey), 0, 4, 1 ),  ( (select @foreignkey), 0, 4, 2 ),  ( (select @foreignkey), 0, 4, 3 ),  ( (select @foreignkey), 0, 4, 4 ),  ( (select @foreignkey), 0, 4, 5 );



insert into mdl_user (firstname, lastname, username, password, email, idnumber)  values ( 'Student170', 'StudentLastName170', 'student170', 'symmetricalSpoon#1', 'student170@cmput401.ca', '7578969' );

insert into mdl_mem_booklet_data (student_id, prof_id, course_id, year_semester_origin, max_pages)  values ( '7578969', 0, '8', '2016 FALL', 5 );

SET @foreignkey=(select last_insert_id());
insert into mdl_mem_mark_stats (booklet_id, total_booklet_score, total_booklet_score_max) values ( (select @foreignkey), 12, 20 );

insert into mdl_mem_pages (booklet_id, page_marks, page_marks_max, page_num) values ( (select @foreignkey), 3, 4, 1 ),  ( (select @foreignkey), 3, 4, 2 ),  ( (select @foreignkey), 3, 4, 3 ),  ( (select @foreignkey), 3, 4, 4 ),  ( (select @foreignkey), 3, 4, 5 );



insert into mdl_user (firstname, lastname, username, password, email, idnumber)  values ( 'Student171', 'StudentLastName171', 'student171', 'symmetricalSpoon#1', 'student171@cmput401.ca', '5233479' );

insert into mdl_mem_booklet_data (student_id, prof_id, course_id, year_semester_origin, max_pages)  values ( '5233479', 3, '8', '2016 FALL', 5 );

SET @foreignkey=(select last_insert_id());
insert into mdl_mem_mark_stats (booklet_id, total_booklet_score, total_booklet_score_max) values ( (select @foreignkey), 18, 20 );

insert into mdl_mem_pages (booklet_id, page_marks, page_marks_max, page_num) values ( (select @foreignkey), 4, 4, 1 ),  ( (select @foreignkey), 4, 4, 2 ),  ( (select @foreignkey), 4, 4, 3 ),  ( (select @foreignkey), 4, 4, 4 ),  ( (select @foreignkey), 4, 4, 5 );



insert into mdl_user (firstname, lastname, username, password, email, idnumber)  values ( 'Student172', 'StudentLastName172', 'student172', 'symmetricalSpoon#1', 'student172@cmput401.ca', '2647944' );

insert into mdl_mem_booklet_data (student_id, prof_id, course_id, year_semester_origin, max_pages)  values ( '2647944', 2, '8', '2016 FALL', 5 );

SET @foreignkey=(select last_insert_id());
insert into mdl_mem_mark_stats (booklet_id, total_booklet_score, total_booklet_score_max) values ( (select @foreignkey), 6, 20 );

insert into mdl_mem_pages (booklet_id, page_marks, page_marks_max, page_num) values ( (select @foreignkey), 1, 4, 1 ),  ( (select @foreignkey), 1, 4, 2 ),  ( (select @foreignkey), 1, 4, 3 ),  ( (select @foreignkey), 1, 4, 4 ),  ( (select @foreignkey), 1, 4, 5 );



insert into mdl_user (firstname, lastname, username, password, email, idnumber)  values ( 'Student173', 'StudentLastName173', 'student173', 'symmetricalSpoon#1', 'student173@cmput401.ca', '8520363' );

insert into mdl_mem_booklet_data (student_id, prof_id, course_id, year_semester_origin, max_pages)  values ( '8520363', 3, '8', '2016 FALL', 5 );

SET @foreignkey=(select last_insert_id());
insert into mdl_mem_mark_stats (booklet_id, total_booklet_score, total_booklet_score_max) values ( (select @foreignkey), 16, 20 );

insert into mdl_mem_pages (booklet_id, page_marks, page_marks_max, page_num) values ( (select @foreignkey), 4, 4, 1 ),  ( (select @foreignkey), 4, 4, 2 ),  ( (select @foreignkey), 4, 4, 3 ),  ( (select @foreignkey), 4, 4, 4 ),  ( (select @foreignkey), 4, 4, 5 );



insert into mdl_user (firstname, lastname, username, password, email, idnumber)  values ( 'Student174', 'StudentLastName174', 'student174', 'symmetricalSpoon#1', 'student174@cmput401.ca', '2427432' );

insert into mdl_mem_booklet_data (student_id, prof_id, course_id, year_semester_origin, max_pages)  values ( '2427432', 3, '8', '2016 FALL', 5 );

SET @foreignkey=(select last_insert_id());
insert into mdl_mem_mark_stats (booklet_id, total_booklet_score, total_booklet_score_max) values ( (select @foreignkey), 3, 20 );

insert into mdl_mem_pages (booklet_id, page_marks, page_marks_max, page_num) values ( (select @foreignkey), 0, 4, 1 ),  ( (select @foreignkey), 0, 4, 2 ),  ( (select @foreignkey), 0, 4, 3 ),  ( (select @foreignkey), 0, 4, 4 ),  ( (select @foreignkey), 0, 4, 5 );



insert into mdl_user (firstname, lastname, username, password, email, idnumber)  values ( 'Student175', 'StudentLastName175', 'student175', 'symmetricalSpoon#1', 'student175@cmput401.ca', '4184785' );

insert into mdl_mem_booklet_data (student_id, prof_id, course_id, year_semester_origin, max_pages)  values ( '4184785', 0, '8', '2016 FALL', 5 );

SET @foreignkey=(select last_insert_id());
insert into mdl_mem_mark_stats (booklet_id, total_booklet_score, total_booklet_score_max) values ( (select @foreignkey), 9, 20 );

insert into mdl_mem_pages (booklet_id, page_marks, page_marks_max, page_num) values ( (select @foreignkey), 2, 4, 1 ),  ( (select @foreignkey), 2, 4, 2 ),  ( (select @foreignkey), 2, 4, 3 ),  ( (select @foreignkey), 2, 4, 4 ),  ( (select @foreignkey), 2, 4, 5 );



insert into mdl_user (firstname, lastname, username, password, email, idnumber)  values ( 'Student176', 'StudentLastName176', 'student176', 'symmetricalSpoon#1', 'student176@cmput401.ca', '5892110' );

insert into mdl_mem_booklet_data (student_id, prof_id, course_id, year_semester_origin, max_pages)  values ( '5892110', 1, '8', '2016 FALL', 5 );

SET @foreignkey=(select last_insert_id());
insert into mdl_mem_mark_stats (booklet_id, total_booklet_score, total_booklet_score_max) values ( (select @foreignkey), 1, 20 );

insert into mdl_mem_pages (booklet_id, page_marks, page_marks_max, page_num) values ( (select @foreignkey), 0, 4, 1 ),  ( (select @foreignkey), 0, 4, 2 ),  ( (select @foreignkey), 0, 4, 3 ),  ( (select @foreignkey), 0, 4, 4 ),  ( (select @foreignkey), 0, 4, 5 );



insert into mdl_user (firstname, lastname, username, password, email, idnumber)  values ( 'Student177', 'StudentLastName177', 'student177', 'symmetricalSpoon#1', 'student177@cmput401.ca', '4513709' );

insert into mdl_mem_booklet_data (student_id, prof_id, course_id, year_semester_origin, max_pages)  values ( '4513709', 0, '8', '2016 FALL', 5 );

SET @foreignkey=(select last_insert_id());
insert into mdl_mem_mark_stats (booklet_id, total_booklet_score, total_booklet_score_max) values ( (select @foreignkey), 20, 20 );

insert into mdl_mem_pages (booklet_id, page_marks, page_marks_max, page_num) values ( (select @foreignkey), 5, 4, 1 ),  ( (select @foreignkey), 5, 4, 2 ),  ( (select @foreignkey), 5, 4, 3 ),  ( (select @foreignkey), 5, 4, 4 ),  ( (select @foreignkey), 5, 4, 5 );



insert into mdl_user (firstname, lastname, username, password, email, idnumber)  values ( 'Student178', 'StudentLastName178', 'student178', 'symmetricalSpoon#1', 'student178@cmput401.ca', '7932114' );

insert into mdl_mem_booklet_data (student_id, prof_id, course_id, year_semester_origin, max_pages)  values ( '7932114', 3, '8', '2016 FALL', 5 );

SET @foreignkey=(select last_insert_id());
insert into mdl_mem_mark_stats (booklet_id, total_booklet_score, total_booklet_score_max) values ( (select @foreignkey), 12, 20 );

insert into mdl_mem_pages (booklet_id, page_marks, page_marks_max, page_num) values ( (select @foreignkey), 3, 4, 1 ),  ( (select @foreignkey), 3, 4, 2 ),  ( (select @foreignkey), 3, 4, 3 ),  ( (select @foreignkey), 3, 4, 4 ),  ( (select @foreignkey), 3, 4, 5 );



insert into mdl_user (firstname, lastname, username, password, email, idnumber)  values ( 'Student179', 'StudentLastName179', 'student179', 'symmetricalSpoon#1', 'student179@cmput401.ca', '4202135' );

insert into mdl_mem_booklet_data (student_id, prof_id, course_id, year_semester_origin, max_pages)  values ( '4202135', 3, '8', '2016 FALL', 5 );

SET @foreignkey=(select last_insert_id());
insert into mdl_mem_mark_stats (booklet_id, total_booklet_score, total_booklet_score_max) values ( (select @foreignkey), 16, 20 );

insert into mdl_mem_pages (booklet_id, page_marks, page_marks_max, page_num) values ( (select @foreignkey), 4, 4, 1 ),  ( (select @foreignkey), 4, 4, 2 ),  ( (select @foreignkey), 4, 4, 3 ),  ( (select @foreignkey), 4, 4, 4 ),  ( (select @foreignkey), 4, 4, 5 );



insert into mdl_user (firstname, lastname, username, password, email, idnumber)  values ( 'Student180', 'StudentLastName180', 'student180', 'symmetricalSpoon#1', 'student180@cmput401.ca', '8016410' );

insert into mdl_mem_booklet_data (student_id, prof_id, course_id, year_semester_origin, max_pages)  values ( '8016410', 0, '8', '2016 FALL', 5 );

SET @foreignkey=(select last_insert_id());
insert into mdl_mem_mark_stats (booklet_id, total_booklet_score, total_booklet_score_max) values ( (select @foreignkey), 18, 20 );

insert into mdl_mem_pages (booklet_id, page_marks, page_marks_max, page_num) values ( (select @foreignkey), 4, 4, 1 ),  ( (select @foreignkey), 4, 4, 2 ),  ( (select @foreignkey), 4, 4, 3 ),  ( (select @foreignkey), 4, 4, 4 ),  ( (select @foreignkey), 4, 4, 5 );



insert into mdl_user (firstname, lastname, username, password, email, idnumber)  values ( 'Student181', 'StudentLastName181', 'student181', 'symmetricalSpoon#1', 'student181@cmput401.ca', '7397383' );

insert into mdl_mem_booklet_data (student_id, prof_id, course_id, year_semester_origin, max_pages)  values ( '7397383', 3, '8', '2016 FALL', 5 );

SET @foreignkey=(select last_insert_id());
insert into mdl_mem_mark_stats (booklet_id, total_booklet_score, total_booklet_score_max) values ( (select @foreignkey), 7, 20 );

insert into mdl_mem_pages (booklet_id, page_marks, page_marks_max, page_num) values ( (select @foreignkey), 1, 4, 1 ),  ( (select @foreignkey), 1, 4, 2 ),  ( (select @foreignkey), 1, 4, 3 ),  ( (select @foreignkey), 1, 4, 4 ),  ( (select @foreignkey), 1, 4, 5 );



insert into mdl_user (firstname, lastname, username, password, email, idnumber)  values ( 'Student182', 'StudentLastName182', 'student182', 'symmetricalSpoon#1', 'student182@cmput401.ca', '4647621' );

insert into mdl_mem_booklet_data (student_id, prof_id, course_id, year_semester_origin, max_pages)  values ( '4647621', 3, '8', '2016 FALL', 5 );

SET @foreignkey=(select last_insert_id());
insert into mdl_mem_mark_stats (booklet_id, total_booklet_score, total_booklet_score_max) values ( (select @foreignkey), 2, 20 );

insert into mdl_mem_pages (booklet_id, page_marks, page_marks_max, page_num) values ( (select @foreignkey), 0, 4, 1 ),  ( (select @foreignkey), 0, 4, 2 ),  ( (select @foreignkey), 0, 4, 3 ),  ( (select @foreignkey), 0, 4, 4 ),  ( (select @foreignkey), 0, 4, 5 );



insert into mdl_user (firstname, lastname, username, password, email, idnumber)  values ( 'Student183', 'StudentLastName183', 'student183', 'symmetricalSpoon#1', 'student183@cmput401.ca', '8207119' );

insert into mdl_mem_booklet_data (student_id, prof_id, course_id, year_semester_origin, max_pages)  values ( '8207119', 0, '8', '2016 FALL', 5 );

SET @foreignkey=(select last_insert_id());
insert into mdl_mem_mark_stats (booklet_id, total_booklet_score, total_booklet_score_max) values ( (select @foreignkey), 19, 20 );

insert into mdl_mem_pages (booklet_id, page_marks, page_marks_max, page_num) values ( (select @foreignkey), 4, 4, 1 ),  ( (select @foreignkey), 4, 4, 2 ),  ( (select @foreignkey), 4, 4, 3 ),  ( (select @foreignkey), 4, 4, 4 ),  ( (select @foreignkey), 4, 4, 5 );



insert into mdl_user (firstname, lastname, username, password, email, idnumber)  values ( 'Student184', 'StudentLastName184', 'student184', 'symmetricalSpoon#1', 'student184@cmput401.ca', '2752673' );

insert into mdl_mem_booklet_data (student_id, prof_id, course_id, year_semester_origin, max_pages)  values ( '2752673', 0, '8', '2016 FALL', 5 );

SET @foreignkey=(select last_insert_id());
insert into mdl_mem_mark_stats (booklet_id, total_booklet_score, total_booklet_score_max) values ( (select @foreignkey), 14, 20 );

insert into mdl_mem_pages (booklet_id, page_marks, page_marks_max, page_num) values ( (select @foreignkey), 3, 4, 1 ),  ( (select @foreignkey), 3, 4, 2 ),  ( (select @foreignkey), 3, 4, 3 ),  ( (select @foreignkey), 3, 4, 4 ),  ( (select @foreignkey), 3, 4, 5 );



insert into mdl_user (firstname, lastname, username, password, email, idnumber)  values ( 'Student185', 'StudentLastName185', 'student185', 'symmetricalSpoon#1', 'student185@cmput401.ca', '6679869' );

insert into mdl_mem_booklet_data (student_id, prof_id, course_id, year_semester_origin, max_pages)  values ( '6679869', 1, '8', '2016 FALL', 5 );

SET @foreignkey=(select last_insert_id());
insert into mdl_mem_mark_stats (booklet_id, total_booklet_score, total_booklet_score_max) values ( (select @foreignkey), 1, 20 );

insert into mdl_mem_pages (booklet_id, page_marks, page_marks_max, page_num) values ( (select @foreignkey), 0, 4, 1 ),  ( (select @foreignkey), 0, 4, 2 ),  ( (select @foreignkey), 0, 4, 3 ),  ( (select @foreignkey), 0, 4, 4 ),  ( (select @foreignkey), 0, 4, 5 );



insert into mdl_user (firstname, lastname, username, password, email, idnumber)  values ( 'Student186', 'StudentLastName186', 'student186', 'symmetricalSpoon#1', 'student186@cmput401.ca', '3558794' );

insert into mdl_mem_booklet_data (student_id, prof_id, course_id, year_semester_origin, max_pages)  values ( '3558794', 3, '8', '2016 FALL', 5 );

SET @foreignkey=(select last_insert_id());
insert into mdl_mem_mark_stats (booklet_id, total_booklet_score, total_booklet_score_max) values ( (select @foreignkey), 8, 20 );

insert into mdl_mem_pages (booklet_id, page_marks, page_marks_max, page_num) values ( (select @foreignkey), 2, 4, 1 ),  ( (select @foreignkey), 2, 4, 2 ),  ( (select @foreignkey), 2, 4, 3 ),  ( (select @foreignkey), 2, 4, 4 ),  ( (select @foreignkey), 2, 4, 5 );



insert into mdl_user (firstname, lastname, username, password, email, idnumber)  values ( 'Student187', 'StudentLastName187', 'student187', 'symmetricalSpoon#1', 'student187@cmput401.ca', '5874115' );

insert into mdl_mem_booklet_data (student_id, prof_id, course_id, year_semester_origin, max_pages)  values ( '5874115', 3, '8', '2016 FALL', 5 );

SET @foreignkey=(select last_insert_id());
insert into mdl_mem_mark_stats (booklet_id, total_booklet_score, total_booklet_score_max) values ( (select @foreignkey), 6, 20 );

insert into mdl_mem_pages (booklet_id, page_marks, page_marks_max, page_num) values ( (select @foreignkey), 1, 4, 1 ),  ( (select @foreignkey), 1, 4, 2 ),  ( (select @foreignkey), 1, 4, 3 ),  ( (select @foreignkey), 1, 4, 4 ),  ( (select @foreignkey), 1, 4, 5 );



insert into mdl_user (firstname, lastname, username, password, email, idnumber)  values ( 'Student188', 'StudentLastName188', 'student188', 'symmetricalSpoon#1', 'student188@cmput401.ca', '9537487' );

insert into mdl_mem_booklet_data (student_id, prof_id, course_id, year_semester_origin, max_pages)  values ( '9537487', 3, '8', '2016 FALL', 5 );

SET @foreignkey=(select last_insert_id());
insert into mdl_mem_mark_stats (booklet_id, total_booklet_score, total_booklet_score_max) values ( (select @foreignkey), 15, 20 );

insert into mdl_mem_pages (booklet_id, page_marks, page_marks_max, page_num) values ( (select @foreignkey), 3, 4, 1 ),  ( (select @foreignkey), 3, 4, 2 ),  ( (select @foreignkey), 3, 4, 3 ),  ( (select @foreignkey), 3, 4, 4 ),  ( (select @foreignkey), 3, 4, 5 );



insert into mdl_user (firstname, lastname, username, password, email, idnumber)  values ( 'Student189', 'StudentLastName189', 'student189', 'symmetricalSpoon#1', 'student189@cmput401.ca', '8515672' );

insert into mdl_mem_booklet_data (student_id, prof_id, course_id, year_semester_origin, max_pages)  values ( '8515672', 0, '8', '2016 FALL', 5 );

SET @foreignkey=(select last_insert_id());
insert into mdl_mem_mark_stats (booklet_id, total_booklet_score, total_booklet_score_max) values ( (select @foreignkey), 4, 20 );

insert into mdl_mem_pages (booklet_id, page_marks, page_marks_max, page_num) values ( (select @foreignkey), 1, 4, 1 ),  ( (select @foreignkey), 1, 4, 2 ),  ( (select @foreignkey), 1, 4, 3 ),  ( (select @foreignkey), 1, 4, 4 ),  ( (select @foreignkey), 1, 4, 5 );



insert into mdl_user (firstname, lastname, username, password, email, idnumber)  values ( 'Student190', 'StudentLastName190', 'student190', 'symmetricalSpoon#1', 'student190@cmput401.ca', '3287273' );

insert into mdl_mem_booklet_data (student_id, prof_id, course_id, year_semester_origin, max_pages)  values ( '3287273', 2, '8', '2016 FALL', 5 );

SET @foreignkey=(select last_insert_id());
insert into mdl_mem_mark_stats (booklet_id, total_booklet_score, total_booklet_score_max) values ( (select @foreignkey), 11, 20 );

insert into mdl_mem_pages (booklet_id, page_marks, page_marks_max, page_num) values ( (select @foreignkey), 2, 4, 1 ),  ( (select @foreignkey), 2, 4, 2 ),  ( (select @foreignkey), 2, 4, 3 ),  ( (select @foreignkey), 2, 4, 4 ),  ( (select @foreignkey), 2, 4, 5 );



insert into mdl_user (firstname, lastname, username, password, email, idnumber)  values ( 'Student191', 'StudentLastName191', 'student191', 'symmetricalSpoon#1', 'student191@cmput401.ca', '2965936' );

insert into mdl_mem_booklet_data (student_id, prof_id, course_id, year_semester_origin, max_pages)  values ( '2965936', 1, '8', '2016 FALL', 5 );

SET @foreignkey=(select last_insert_id());
insert into mdl_mem_mark_stats (booklet_id, total_booklet_score, total_booklet_score_max) values ( (select @foreignkey), 18, 20 );

insert into mdl_mem_pages (booklet_id, page_marks, page_marks_max, page_num) values ( (select @foreignkey), 4, 4, 1 ),  ( (select @foreignkey), 4, 4, 2 ),  ( (select @foreignkey), 4, 4, 3 ),  ( (select @foreignkey), 4, 4, 4 ),  ( (select @foreignkey), 4, 4, 5 );



insert into mdl_user (firstname, lastname, username, password, email, idnumber)  values ( 'Student192', 'StudentLastName192', 'student192', 'symmetricalSpoon#1', 'student192@cmput401.ca', '8487048' );

insert into mdl_mem_booklet_data (student_id, prof_id, course_id, year_semester_origin, max_pages)  values ( '8487048', 3, '8', '2016 FALL', 5 );

SET @foreignkey=(select last_insert_id());
insert into mdl_mem_mark_stats (booklet_id, total_booklet_score, total_booklet_score_max) values ( (select @foreignkey), 10, 20 );

insert into mdl_mem_pages (booklet_id, page_marks, page_marks_max, page_num) values ( (select @foreignkey), 2, 4, 1 ),  ( (select @foreignkey), 2, 4, 2 ),  ( (select @foreignkey), 2, 4, 3 ),  ( (select @foreignkey), 2, 4, 4 ),  ( (select @foreignkey), 2, 4, 5 );



insert into mdl_user (firstname, lastname, username, password, email, idnumber)  values ( 'Student193', 'StudentLastName193', 'student193', 'symmetricalSpoon#1', 'student193@cmput401.ca', '6863190' );

insert into mdl_mem_booklet_data (student_id, prof_id, course_id, year_semester_origin, max_pages)  values ( '6863190', 2, '8', '2016 FALL', 5 );

SET @foreignkey=(select last_insert_id());
insert into mdl_mem_mark_stats (booklet_id, total_booklet_score, total_booklet_score_max) values ( (select @foreignkey), 11, 20 );

insert into mdl_mem_pages (booklet_id, page_marks, page_marks_max, page_num) values ( (select @foreignkey), 2, 4, 1 ),  ( (select @foreignkey), 2, 4, 2 ),  ( (select @foreignkey), 2, 4, 3 ),  ( (select @foreignkey), 2, 4, 4 ),  ( (select @foreignkey), 2, 4, 5 );



insert into mdl_user (firstname, lastname, username, password, email, idnumber)  values ( 'Student194', 'StudentLastName194', 'student194', 'symmetricalSpoon#1', 'student194@cmput401.ca', '637341' );

insert into mdl_mem_booklet_data (student_id, prof_id, course_id, year_semester_origin, max_pages)  values ( '637341', 1, '8', '2016 FALL', 5 );

SET @foreignkey=(select last_insert_id());
insert into mdl_mem_mark_stats (booklet_id, total_booklet_score, total_booklet_score_max) values ( (select @foreignkey), 17, 20 );

insert into mdl_mem_pages (booklet_id, page_marks, page_marks_max, page_num) values ( (select @foreignkey), 4, 4, 1 ),  ( (select @foreignkey), 4, 4, 2 ),  ( (select @foreignkey), 4, 4, 3 ),  ( (select @foreignkey), 4, 4, 4 ),  ( (select @foreignkey), 4, 4, 5 );



insert into mdl_user (firstname, lastname, username, password, email, idnumber)  values ( 'Student195', 'StudentLastName195', 'student195', 'symmetricalSpoon#1', 'student195@cmput401.ca', '8033154' );

insert into mdl_mem_booklet_data (student_id, prof_id, course_id, year_semester_origin, max_pages)  values ( '8033154', 2, '8', '2016 FALL', 5 );

SET @foreignkey=(select last_insert_id());
insert into mdl_mem_mark_stats (booklet_id, total_booklet_score, total_booklet_score_max) values ( (select @foreignkey), 8, 20 );

insert into mdl_mem_pages (booklet_id, page_marks, page_marks_max, page_num) values ( (select @foreignkey), 2, 4, 1 ),  ( (select @foreignkey), 2, 4, 2 ),  ( (select @foreignkey), 2, 4, 3 ),  ( (select @foreignkey), 2, 4, 4 ),  ( (select @foreignkey), 2, 4, 5 );



insert into mdl_user (firstname, lastname, username, password, email, idnumber)  values ( 'Student196', 'StudentLastName196', 'student196', 'symmetricalSpoon#1', 'student196@cmput401.ca', '6679245' );

insert into mdl_mem_booklet_data (student_id, prof_id, course_id, year_semester_origin, max_pages)  values ( '6679245', 3, '8', '2016 FALL', 5 );

SET @foreignkey=(select last_insert_id());
insert into mdl_mem_mark_stats (booklet_id, total_booklet_score, total_booklet_score_max) values ( (select @foreignkey), 2, 20 );

insert into mdl_mem_pages (booklet_id, page_marks, page_marks_max, page_num) values ( (select @foreignkey), 0, 4, 1 ),  ( (select @foreignkey), 0, 4, 2 ),  ( (select @foreignkey), 0, 4, 3 ),  ( (select @foreignkey), 0, 4, 4 ),  ( (select @foreignkey), 0, 4, 5 );



insert into mdl_user (firstname, lastname, username, password, email, idnumber)  values ( 'Student197', 'StudentLastName197', 'student197', 'symmetricalSpoon#1', 'student197@cmput401.ca', '2535275' );

insert into mdl_mem_booklet_data (student_id, prof_id, course_id, year_semester_origin, max_pages)  values ( '2535275', 1, '8', '2016 FALL', 5 );

SET @foreignkey=(select last_insert_id());
insert into mdl_mem_mark_stats (booklet_id, total_booklet_score, total_booklet_score_max) values ( (select @foreignkey), 7, 20 );

insert into mdl_mem_pages (booklet_id, page_marks, page_marks_max, page_num) values ( (select @foreignkey), 1, 4, 1 ),  ( (select @foreignkey), 1, 4, 2 ),  ( (select @foreignkey), 1, 4, 3 ),  ( (select @foreignkey), 1, 4, 4 ),  ( (select @foreignkey), 1, 4, 5 );



insert into mdl_user (firstname, lastname, username, password, email, idnumber)  values ( 'Student198', 'StudentLastName198', 'student198', 'symmetricalSpoon#1', 'student198@cmput401.ca', '356764' );

insert into mdl_mem_booklet_data (student_id, prof_id, course_id, year_semester_origin, max_pages)  values ( '356764', 3, '8', '2016 FALL', 5 );

SET @foreignkey=(select last_insert_id());
insert into mdl_mem_mark_stats (booklet_id, total_booklet_score, total_booklet_score_max) values ( (select @foreignkey), 1, 20 );

insert into mdl_mem_pages (booklet_id, page_marks, page_marks_max, page_num) values ( (select @foreignkey), 0, 4, 1 ),  ( (select @foreignkey), 0, 4, 2 ),  ( (select @foreignkey), 0, 4, 3 ),  ( (select @foreignkey), 0, 4, 4 ),  ( (select @foreignkey), 0, 4, 5 );



insert into mdl_user (firstname, lastname, username, password, email, idnumber)  values ( 'Student199', 'StudentLastName199', 'student199', 'symmetricalSpoon#1', 'student199@cmput401.ca', '1593094' );

insert into mdl_mem_booklet_data (student_id, prof_id, course_id, year_semester_origin, max_pages)  values ( '1593094', 3, '8', '2016 FALL', 5 );

SET @foreignkey=(select last_insert_id());
insert into mdl_mem_mark_stats (booklet_id, total_booklet_score, total_booklet_score_max) values ( (select @foreignkey), 10, 20 );

insert into mdl_mem_pages (booklet_id, page_marks, page_marks_max, page_num) values ( (select @foreignkey), 2, 4, 1 ),  ( (select @foreignkey), 2, 4, 2 ),  ( (select @foreignkey), 2, 4, 3 ),  ( (select @foreignkey), 2, 4, 4 ),  ( (select @foreignkey), 2, 4, 5 );



